"borrower_code","is_defaulted","age_woe","employment_status_woe","annual_income_woe","debt_to_income_ratio_woe","credit_score_bureau_woe","loan_amount_woe","interest_rate_pct_woe"
"BORR_00001",0,0.146117211113974,0.037832601224235,0.185207978194692,0.0180652842540769,-0.841071363806045,-0.0800626615800131,-0.852103784609621
"BORR_00002",0,0.146117211113974,-0.44318444163337,0.337310430883764,0.0180652842540769,-0.841071363806045,0.277145473520378,0.151602895919437
"BORR_00003",0,-0.497699848459965,-0.44318444163337,0.337310430883764,0.0180652842540769,-3.43458207467692,-0.300216674045857,0.151602895919437
"BORR_00004",0,0.146117211113974,0.037832601224235,0.185207978194692,0.0180652842540769,-0.841071363806045,0.233660361580639,0.259859837233353
"BORR_00005",0,-0.0978146070384635,-0.44318444163337,-0.54507874931471,0.0180652842540769,-3.43458207467692,-0.0800626615800131,0.151602895919437
"BORR_00006",0,-0.497699848459965,0.037832601224235,-0.54507874931471,0.18935009021854,-3.43458207467692,-0.300216674045857,-0.852103784609621
"BORR_00007",0,0.146117211113974,0.037832601224235,-0.507939202365253,0.18935009021854,-0.841071363806045,0.288768313348371,-0.23440715863823
"BORR_00008",0,-0.497699848459965,0.037832601224235,-1.38340793971915,0.397035991516326,-0.841071363806045,0.00496758760456228,0.312929674010676
"BORR_00009",0,-0.497699848459965,0.037832601224235,0.00771107355031319,-0.136391544057586,0.656293273311169,0.277145473520378,-0.852103784609621
"BORR_00010",1,-0.0978146070384635,0.037832601224235,0.00771107355031319,-0.136391544057586,1.51020054308605,0.00496758760456228,0.151602895919437
"BORR_00011",0,-0.0978146070384635,0.037832601224235,0.00771107355031319,-0.341800490445478,0.656293273311169,-0.0800626615800131,-0.852103784609621
"BORR_00012",0,0.146117211113974,0.037832601224235,0.00771107355031319,-0.341800490445478,-0.841071363806045,0.277145473520378,-0.23440715863823
"BORR_00013",0,0.146117211113974,0.037832601224235,0.00771107355031319,0.0180652842540769,-0.841071363806045,0.233660361580639,-0.23440715863823
"BORR_00014",0,0.146117211113974,0.037832601224235,-0.507939202365253,-0.136391544057586,-3.43458207467692,-0.0729896135779528,-0.253221305452448
"BORR_00015",0,0.146117211113974,0.0919789645941921,0.00771107355031319,-0.0141663669819817,-3.43458207467692,-0.411547356690187,-0.23440715863823
"BORR_00016",0,0.187914339792435,0.037832601224235,0.337310430883764,0.0180652842540769,-0.841071363806045,-0.0729896135779528,-0.592752218784067
"BORR_00017",0,-0.497699848459965,0.037832601224235,-0.130337798744024,0.18935009021854,1.51020054308605,0.00496758760456228,-0.23440715863823
"BORR_00018",1,0.187914339792435,0.037832601224235,0.638875188120734,0.705083437480601,-0.841071363806045,-0.0729896135779528,0.151602895919437
"BORR_00019",0,0.146117211113974,0.037832601224235,-0.54507874931471,0.0180652842540769,1.51020054308605,-0.0729896135779528,0.151602895919437
"BORR_00020",0,0.146117211113974,0.037832601224235,0.00771107355031319,-0.341800490445478,-3.43458207467692,0.00496758760456228,-0.23440715863823
"BORR_00021",0,0.146117211113974,0.0919789645941921,0.638875188120734,-0.341800490445478,1.51020054308605,-0.0800626615800131,0.151602895919437
"BORR_00022",1,0.146117211113974,0.037832601224235,-0.507939202365253,0.18935009021854,1.51020054308605,0.277145473520378,0.151602895919437
"BORR_00023",0,0.187914339792435,0.037832601224235,0.185207978194692,-0.136391544057586,0.656293273311169,0.288768313348371,0.151602895919437
"BORR_00024",0,-0.497699848459965,0.0919789645941921,0.00771107355031319,0.0180652842540769,-3.43458207467692,-0.0729896135779528,-0.23440715863823
"BORR_00025",1,0.146117211113974,0.037832601224235,-0.130337798744024,-0.0141663669819817,1.51020054308605,-0.0800626615800131,0.435750503697017
"BORR_00026",0,-0.0978146070384635,0.037832601224235,0.185207978194692,0.18935009021854,-3.43458207467692,0.277145473520378,-0.852103784609621
"BORR_00027",0,-0.497699848459965,0.037832601224235,0.00771107355031319,0.0180652842540769,-3.43458207467692,-0.0729896135779528,0.435750503697017
"BORR_00028",0,0.146117211113974,0.037832601224235,-0.507939202365253,-0.341800490445478,-3.43458207467692,-0.411547356690187,0.259859837233353
"BORR_00029",0,0.146117211113974,0.037832601224235,0.00771107355031319,0.0180652842540769,-3.43458207467692,-0.0800626615800131,-0.592752218784067
"BORR_00030",1,0.146117211113974,0.037832601224235,0.185207978194692,0.397035991516326,1.51020054308605,0.00496758760456228,-0.23440715863823
"BORR_00031",0,0.146117211113974,0.0919789645941921,0.185207978194692,0.397035991516326,-0.841071363806045,0.00496758760456228,0.435750503697017
"BORR_00032",0,0.146117211113974,-0.44318444163337,0.185207978194692,-0.341800490445478,-3.43458207467692,-0.0729896135779528,0.312929674010676
"BORR_00033",1,-0.497699848459965,0.0919789645941921,-0.54507874931471,-0.341800490445478,1.51020054308605,0.288768313348371,0.312929674010676
"BORR_00034",0,-0.497699848459965,0.0919789645941921,0.337310430883764,0.397035991516326,-3.43458207467692,0.00496758760456228,-0.253221305452448
"BORR_00035",0,0.146117211113974,0.037832601224235,-1.38340793971915,0.0180652842540769,-3.43458207467692,0.233660361580639,0.312929674010676
"BORR_00036",0,0.146117211113974,0.0919789645941921,0.185207978194692,0.705083437480601,-3.43458207467692,-0.0800626615800131,-0.592752218784067
"BORR_00037",0,0.187914339792435,0.037832601224235,-0.507939202365253,0.705083437480601,1.51020054308605,-0.0729896135779528,0.259859837233353
"BORR_00038",0,0.146117211113974,0.037832601224235,0.337310430883764,0.0180652842540769,-3.43458207467692,0.00496758760456228,-0.852103784609621
"BORR_00039",1,-0.0978146070384635,0.037832601224235,0.638875188120734,0.0180652842540769,1.51020054308605,-0.300216674045857,-0.23440715863823
"BORR_00040",0,-0.497699848459965,0.037832601224235,0.00771107355031319,-0.341800490445478,-0.841071363806045,0.00496758760456228,-0.253221305452448
"BORR_00041",0,-0.0978146070384635,0.037832601224235,0.00771107355031319,0.0180652842540769,1.51020054308605,-0.0729896135779528,-0.852103784609621
"BORR_00042",0,0.146117211113974,0.037832601224235,0.00771107355031319,0.18935009021854,-0.841071363806045,0.277145473520378,0.312929674010676
"BORR_00043",0,-0.497699848459965,0.037832601224235,-0.54507874931471,-0.136391544057586,-3.43458207467692,-0.0800626615800131,0.435750503697017
"BORR_00044",1,0.187914339792435,0.037832601224235,0.00771107355031319,0.0180652842540769,1.51020054308605,-0.0800626615800131,-0.253221305452448
"BORR_00045",0,0.146117211113974,0.037832601224235,0.00771107355031319,0.0180652842540769,-3.43458207467692,0.00496758760456228,-0.23440715863823
"BORR_00046",0,-0.497699848459965,0.0919789645941921,0.638875188120734,0.0180652842540769,-0.841071363806045,0.00496758760456228,-0.23440715863823
"BORR_00047",0,-0.0978146070384635,0.037832601224235,-0.130337798744024,-0.341800490445478,-0.841071363806045,-0.411547356690187,0.435750503697017
"BORR_00048",1,0.146117211113974,0.0919789645941921,-0.130337798744024,0.397035991516326,1.51020054308605,0.00496758760456228,-0.852103784609621
"BORR_00049",0,0.187914339792435,0.037832601224235,0.337310430883764,0.0180652842540769,-3.43458207467692,0.00496758760456228,-0.253221305452448
"BORR_00050",0,-0.497699848459965,0.037832601224235,-0.54507874931471,-0.341800490445478,1.51020054308605,-0.0729896135779528,0.151602895919437
"BORR_00051",0,0.146117211113974,0.037832601224235,0.337310430883764,0.0180652842540769,-3.43458207467692,0.288768313348371,-0.23440715863823
"BORR_00052",0,0.146117211113974,-0.44318444163337,-0.54507874931471,-0.341800490445478,-3.43458207467692,-0.411547356690187,-0.592752218784067
"BORR_00053",0,-0.0978146070384635,0.037832601224235,0.00771107355031319,-0.341800490445478,-0.841071363806045,-0.0729896135779528,0.312929674010676
"BORR_00054",0,0.146117211113974,0.037832601224235,0.185207978194692,0.18935009021854,-3.43458207467692,-0.300216674045857,0.259859837233353
"BORR_00055",0,-0.0978146070384635,0.037832601224235,0.00771107355031319,0.705083437480601,0.656293273311169,0.288768313348371,0.151602895919437
"BORR_00056",0,0.146117211113974,0.037832601224235,0.00771107355031319,-0.136391544057586,1.51020054308605,-0.300216674045857,0.435750503697017
"BORR_00057",0,0.146117211113974,0.037832601224235,0.00771107355031319,0.18935009021854,-3.43458207467692,0.00496758760456228,-0.23440715863823
"BORR_00058",0,-0.497699848459965,0.037832601224235,0.337310430883764,0.0180652842540769,-3.43458207467692,0.00496758760456228,0.151602895919437
"BORR_00059",0,-0.497699848459965,0.037832601224235,0.00771107355031319,0.0180652842540769,-0.841071363806045,-0.0800626615800131,-0.23440715863823
"BORR_00060",0,0.146117211113974,0.037832601224235,0.00771107355031319,0.0180652842540769,-0.841071363806045,0.277145473520378,0.312929674010676
"BORR_00061",0,0.146117211113974,0.037832601224235,0.00771107355031319,-0.136391544057586,-3.43458207467692,-0.0729896135779528,-0.253221305452448
"BORR_00062",0,0.187914339792435,0.037832601224235,0.00771107355031319,-0.136391544057586,-0.841071363806045,-0.0729896135779528,0.151602895919437
"BORR_00063",0,0.187914339792435,0.037832601224235,-0.130337798744024,-0.341800490445478,1.51020054308605,-0.0800626615800131,0.312929674010676
"BORR_00064",0,-0.0978146070384635,-0.44318444163337,-0.507939202365253,-0.136391544057586,1.51020054308605,-0.0729896135779528,-0.23440715863823
"BORR_00065",0,0.146117211113974,0.037832601224235,0.00771107355031319,-0.0141663669819817,0.656293273311169,-0.0800626615800131,0.151602895919437
"BORR_00066",0,0.187914339792435,0.0919789645941921,0.00771107355031319,-0.0141663669819817,-3.43458207467692,-0.300216674045857,0.151602895919437
"BORR_00067",0,0.146117211113974,0.0919789645941921,0.00771107355031319,-0.136391544057586,-3.43458207467692,-0.300216674045857,0.151602895919437
"BORR_00068",0,-0.497699848459965,0.037832601224235,0.00771107355031319,-0.136391544057586,1.51020054308605,0.233660361580639,-0.253221305452448
"BORR_00069",0,0.146117211113974,-0.44318444163337,0.185207978194692,0.397035991516326,-3.43458207467692,0.00496758760456228,0.151602895919437
"BORR_00070",0,0.146117211113974,0.037832601224235,0.337310430883764,-0.136391544057586,-3.43458207467692,0.00496758760456228,0.151602895919437
"BORR_00071",0,0.146117211113974,0.037832601224235,-0.507939202365253,-0.719557128647638,-0.841071363806045,-0.411547356690187,-0.852103784609621
"BORR_00072",0,-0.0978146070384635,0.037832601224235,-0.130337798744024,-0.136391544057586,-0.841071363806045,-0.0729896135779528,-0.23440715863823
"BORR_00073",0,0.146117211113974,0.037832601224235,0.00771107355031319,-0.136391544057586,-0.841071363806045,0.233660361580639,-0.852103784609621
"BORR_00074",0,-0.497699848459965,0.0919789645941921,0.00771107355031319,-0.136391544057586,-0.841071363806045,-0.0729896135779528,-0.852103784609621
"BORR_00075",0,0.146117211113974,-0.44318444163337,0.00771107355031319,0.0180652842540769,-3.43458207467692,0.233660361580639,0.151602895919437
"BORR_00076",0,-0.497699848459965,0.0919789645941921,0.638875188120734,-0.136391544057586,-3.43458207467692,-0.0729896135779528,-0.253221305452448
"BORR_00077",0,-0.0978146070384635,0.037832601224235,0.00771107355031319,0.0180652842540769,-0.841071363806045,0.00496758760456228,0.151602895919437
"BORR_00078",0,-0.497699848459965,0.037832601224235,0.638875188120734,-0.136391544057586,-3.43458207467692,-0.0800626615800131,0.259859837233353
"BORR_00079",0,-0.497699848459965,-0.44318444163337,0.185207978194692,0.397035991516326,-3.43458207467692,0.00496758760456228,-0.23440715863823
"BORR_00080",0,0.146117211113974,0.037832601224235,-0.130337798744024,0.18935009021854,1.51020054308605,-0.300216674045857,0.151602895919437
"BORR_00081",0,-0.497699848459965,0.0919789645941921,0.00771107355031319,0.397035991516326,-0.841071363806045,0.277145473520378,0.312929674010676
"BORR_00082",0,-0.497699848459965,0.0919789645941921,0.337310430883764,0.705083437480601,-3.43458207467692,0.233660361580639,0.259859837233353
"BORR_00083",0,0.146117211113974,0.037832601224235,0.337310430883764,0.0180652842540769,-0.841071363806045,0.277145473520378,0.151602895919437
"BORR_00084",0,-0.497699848459965,0.037832601224235,0.00771107355031319,-0.719557128647638,1.51020054308605,-0.0800626615800131,0.312929674010676
"BORR_00085",0,0.146117211113974,0.037832601224235,0.638875188120734,-0.719557128647638,1.51020054308605,0.277145473520378,-0.23440715863823
"BORR_00086",0,0.146117211113974,0.037832601224235,0.00771107355031319,0.0180652842540769,1.51020054308605,-0.411547356690187,-0.23440715863823
"BORR_00087",0,0.146117211113974,-0.44318444163337,0.00771107355031319,-0.719557128647638,0.656293273311169,-0.0800626615800131,0.259859837233353
"BORR_00088",0,0.146117211113974,0.037832601224235,-0.507939202365253,-0.136391544057586,-0.841071363806045,0.288768313348371,-0.253221305452448
"BORR_00089",0,0.146117211113974,-0.44318444163337,-0.54507874931471,-0.341800490445478,-0.841071363806045,0.00496758760456228,0.151602895919437
"BORR_00090",0,0.146117211113974,0.037832601224235,0.00771107355031319,-0.0141663669819817,-3.43458207467692,-0.411547356690187,0.151602895919437
"BORR_00091",0,0.146117211113974,0.037832601224235,-0.54507874931471,-0.136391544057586,-0.841071363806045,-0.0800626615800131,0.259859837233353
"BORR_00092",0,-0.497699848459965,0.037832601224235,-1.38340793971915,-0.341800490445478,-0.841071363806045,-0.0800626615800131,0.151602895919437
"BORR_00093",0,0.146117211113974,0.037832601224235,-0.130337798744024,-0.136391544057586,-0.841071363806045,0.00496758760456228,-0.23440715863823
"BORR_00094",0,0.187914339792435,0.037832601224235,0.337310430883764,-0.136391544057586,-3.43458207467692,-0.0729896135779528,-0.592752218784067
"BORR_00095",0,0.146117211113974,0.0919789645941921,0.00771107355031319,-0.136391544057586,-0.841071363806045,-0.0729896135779528,0.151602895919437
"BORR_00096",0,-0.0978146070384635,0.0919789645941921,-1.38340793971915,0.18935009021854,1.51020054308605,0.233660361580639,0.151602895919437
"BORR_00097",0,-0.0978146070384635,0.0919789645941921,0.185207978194692,0.0180652842540769,1.51020054308605,-0.0729896135779528,-0.852103784609621
"BORR_00098",0,0.146117211113974,0.037832601224235,0.00771107355031319,0.0180652842540769,1.51020054308605,-0.0800626615800131,-0.253221305452448
"BORR_00099",0,0.187914339792435,0.037832601224235,0.337310430883764,0.0180652842540769,1.51020054308605,0.00496758760456228,-0.592752218784067
"BORR_00100",0,0.146117211113974,0.037832601224235,-1.38340793971915,-0.0141663669819817,-3.43458207467692,0.00496758760456228,0.259859837233353
"BORR_00101",0,-0.0978146070384635,0.037832601224235,0.185207978194692,-0.341800490445478,1.51020054308605,0.233660361580639,0.151602895919437
"BORR_00102",1,0.146117211113974,0.037832601224235,0.337310430883764,0.18935009021854,1.51020054308605,-0.0729896135779528,-0.23440715863823
"BORR_00103",0,-0.0978146070384635,0.037832601224235,-1.38340793971915,-0.136391544057586,-3.43458207467692,-0.0800626615800131,0.151602895919437
"BORR_00104",0,-0.497699848459965,0.037832601224235,0.337310430883764,0.0180652842540769,-3.43458207467692,-0.411547356690187,0.259859837233353
"BORR_00105",0,-0.0978146070384635,-0.44318444163337,0.00771107355031319,-0.341800490445478,-3.43458207467692,0.00496758760456228,-0.23440715863823
"BORR_00106",0,0.146117211113974,0.0919789645941921,0.00771107355031319,-0.0141663669819817,-3.43458207467692,-0.0729896135779528,0.312929674010676
"BORR_00107",0,0.146117211113974,0.037832601224235,-0.130337798744024,0.705083437480601,-3.43458207467692,0.277145473520378,0.435750503697017
"BORR_00108",0,0.146117211113974,0.037832601224235,0.00771107355031319,-0.0141663669819817,-0.841071363806045,-0.0800626615800131,-0.852103784609621
"BORR_00109",0,0.187914339792435,0.037832601224235,0.00771107355031319,0.18935009021854,-3.43458207467692,0.00496758760456228,-0.23440715863823
"BORR_00110",0,0.146117211113974,-0.44318444163337,0.337310430883764,0.705083437480601,-3.43458207467692,-0.0729896135779528,0.312929674010676
"BORR_00111",0,0.146117211113974,0.037832601224235,0.00771107355031319,0.18935009021854,-3.43458207467692,-0.0729896135779528,-0.592752218784067
"BORR_00112",1,0.146117211113974,0.037832601224235,0.00771107355031319,0.0180652842540769,1.51020054308605,-0.0800626615800131,0.435750503697017
"BORR_00113",0,0.146117211113974,0.037832601224235,0.00771107355031319,-0.136391544057586,1.51020054308605,0.277145473520378,-0.253221305452448
"BORR_00114",0,-0.0978146070384635,0.037832601224235,0.00771107355031319,-0.136391544057586,-0.841071363806045,0.00496758760456228,0.151602895919437
"BORR_00115",0,-0.0978146070384635,-0.44318444163337,0.337310430883764,-0.719557128647638,1.51020054308605,-0.0729896135779528,0.151602895919437
"BORR_00116",0,-0.0978146070384635,0.0919789645941921,0.337310430883764,-0.136391544057586,-3.43458207467692,-0.411547356690187,0.151602895919437
"BORR_00117",0,-0.0978146070384635,0.037832601224235,0.00771107355031319,-0.136391544057586,-3.43458207467692,-0.0729896135779528,-0.253221305452448
"BORR_00118",0,0.146117211113974,0.037832601224235,0.00771107355031319,-0.136391544057586,-3.43458207467692,0.00496758760456228,0.151602895919437
"BORR_00119",0,0.146117211113974,0.0919789645941921,0.00771107355031319,0.18935009021854,-3.43458207467692,0.277145473520378,-0.253221305452448
"BORR_00120",0,-0.497699848459965,0.037832601224235,0.00771107355031319,0.0180652842540769,-0.841071363806045,-0.0800626615800131,-0.592752218784067
"BORR_00121",1,0.146117211113974,0.037832601224235,0.00771107355031319,0.0180652842540769,0.656293273311169,-0.0729896135779528,0.151602895919437
"BORR_00122",0,0.146117211113974,0.037832601224235,0.00771107355031319,0.0180652842540769,-0.841071363806045,0.288768313348371,-0.592752218784067
"BORR_00123",1,0.146117211113974,0.037832601224235,0.185207978194692,-0.341800490445478,1.51020054308605,0.288768313348371,0.151602895919437
"BORR_00124",0,0.146117211113974,0.037832601224235,0.185207978194692,0.397035991516326,-3.43458207467692,0.00496758760456228,-0.23440715863823
"BORR_00125",0,0.146117211113974,0.037832601224235,0.00771107355031319,-0.136391544057586,-3.43458207467692,0.277145473520378,-0.23440715863823
"BORR_00126",0,-0.497699848459965,-0.44318444163337,-0.507939202365253,-0.719557128647638,-3.43458207467692,0.233660361580639,0.259859837233353
"BORR_00127",0,0.146117211113974,0.037832601224235,0.00771107355031319,0.0180652842540769,0.656293273311169,0.00496758760456228,0.151602895919437
"BORR_00128",0,0.146117211113974,0.037832601224235,-1.38340793971915,0.397035991516326,-3.43458207467692,-0.411547356690187,-0.23440715863823
"BORR_00129",0,0.187914339792435,0.037832601224235,-1.38340793971915,-0.719557128647638,-0.841071363806045,-0.0729896135779528,-0.253221305452448
"BORR_00130",0,0.146117211113974,0.037832601224235,0.337310430883764,0.0180652842540769,1.51020054308605,0.288768313348371,-0.852103784609621
"BORR_00131",0,0.146117211113974,0.037832601224235,0.00771107355031319,-0.136391544057586,-3.43458207467692,-0.0729896135779528,-0.253221305452448
"BORR_00132",0,0.146117211113974,-0.44318444163337,-0.507939202365253,0.0180652842540769,-0.841071363806045,-0.0800626615800131,0.151602895919437
"BORR_00133",0,-0.497699848459965,0.037832601224235,0.337310430883764,0.18935009021854,-3.43458207467692,0.00496758760456228,-0.253221305452448
"BORR_00134",0,0.187914339792435,0.037832601224235,-1.38340793971915,0.0180652842540769,-3.43458207467692,0.00496758760456228,0.435750503697017
"BORR_00135",0,0.187914339792435,0.037832601224235,0.00771107355031319,-0.136391544057586,-0.841071363806045,-0.0729896135779528,0.151602895919437
"BORR_00136",0,0.187914339792435,0.037832601224235,0.185207978194692,-0.341800490445478,-3.43458207467692,-0.0729896135779528,-0.253221305452448
"BORR_00137",0,0.146117211113974,0.037832601224235,0.00771107355031319,0.0180652842540769,-0.841071363806045,0.233660361580639,0.312929674010676
"BORR_00138",0,-0.497699848459965,0.037832601224235,0.337310430883764,0.0180652842540769,-3.43458207467692,0.233660361580639,-0.23440715863823
"BORR_00139",1,0.146117211113974,0.037832601224235,0.638875188120734,0.397035991516326,1.51020054308605,0.277145473520378,0.151602895919437
"BORR_00140",0,0.146117211113974,0.037832601224235,-0.130337798744024,-0.719557128647638,-3.43458207467692,0.277145473520378,0.151602895919437
"BORR_00141",0,-0.0978146070384635,0.037832601224235,0.00771107355031319,-0.136391544057586,1.51020054308605,0.00496758760456228,-0.592752218784067
"BORR_00142",0,-0.497699848459965,0.037832601224235,0.00771107355031319,0.397035991516326,-0.841071363806045,0.00496758760456228,-0.253221305452448
"BORR_00143",0,-0.497699848459965,0.037832601224235,0.337310430883764,0.0180652842540769,-3.43458207467692,0.288768313348371,0.151602895919437
"BORR_00144",0,0.146117211113974,0.037832601224235,-1.38340793971915,-0.341800490445478,-3.43458207467692,-0.0729896135779528,-0.253221305452448
"BORR_00145",0,0.146117211113974,-0.44318444163337,-0.507939202365253,-0.136391544057586,-3.43458207467692,0.233660361580639,0.151602895919437
"BORR_00146",0,-0.497699848459965,0.0919789645941921,0.337310430883764,-0.136391544057586,-0.841071363806045,0.00496758760456228,-0.852103784609621
"BORR_00147",0,0.146117211113974,0.037832601224235,0.337310430883764,0.0180652842540769,1.51020054308605,0.277145473520378,0.312929674010676
"BORR_00148",0,0.146117211113974,0.037832601224235,0.337310430883764,0.18935009021854,-0.841071363806045,0.233660361580639,-0.592752218784067
"BORR_00149",0,0.146117211113974,0.037832601224235,0.185207978194692,-0.341800490445478,1.51020054308605,-0.0729896135779528,0.435750503697017
"BORR_00150",0,0.187914339792435,0.0919789645941921,-0.507939202365253,-0.719557128647638,-3.43458207467692,0.00496758760456228,-0.852103784609621
"BORR_00151",0,0.146117211113974,0.037832601224235,-0.54507874931471,-0.136391544057586,1.51020054308605,0.00496758760456228,0.259859837233353
"BORR_00152",0,0.146117211113974,-0.44318444163337,0.185207978194692,-0.136391544057586,-3.43458207467692,-0.300216674045857,-0.23440715863823
"BORR_00153",0,-0.497699848459965,0.037832601224235,0.00771107355031319,0.18935009021854,0.656293273311169,0.00496758760456228,-0.23440715863823
"BORR_00154",0,0.146117211113974,0.037832601224235,0.00771107355031319,0.0180652842540769,-0.841071363806045,-0.0800626615800131,0.151602895919437
"BORR_00155",0,0.146117211113974,0.037832601224235,0.638875188120734,-0.136391544057586,-0.841071363806045,-0.300216674045857,-0.253221305452448
"BORR_00156",0,-0.497699848459965,0.037832601224235,0.337310430883764,0.0180652842540769,-3.43458207467692,0.00496758760456228,0.151602895919437
"BORR_00157",0,0.146117211113974,0.037832601224235,-1.38340793971915,0.0180652842540769,1.51020054308605,0.00496758760456228,0.312929674010676
"BORR_00158",0,0.146117211113974,0.0919789645941921,0.00771107355031319,0.0180652842540769,-0.841071363806045,-0.0729896135779528,0.151602895919437
"BORR_00159",0,0.146117211113974,0.037832601224235,-0.130337798744024,-0.136391544057586,-3.43458207467692,-0.0729896135779528,-0.852103784609621
"BORR_00160",0,-0.497699848459965,0.037832601224235,-0.54507874931471,0.0180652842540769,-3.43458207467692,0.00496758760456228,0.151602895919437
"BORR_00161",0,0.146117211113974,0.037832601224235,0.00771107355031319,0.397035991516326,-3.43458207467692,0.00496758760456228,0.435750503697017
"BORR_00162",0,-0.0978146070384635,0.037832601224235,0.00771107355031319,0.397035991516326,1.51020054308605,0.00496758760456228,0.435750503697017
"BORR_00163",0,-0.497699848459965,0.0919789645941921,0.00771107355031319,-0.0141663669819817,-3.43458207467692,-0.0729896135779528,-0.852103784609621
"BORR_00164",0,0.146117211113974,0.037832601224235,0.185207978194692,0.0180652842540769,-3.43458207467692,0.00496758760456228,0.259859837233353
"BORR_00165",0,0.187914339792435,0.037832601224235,0.337310430883764,-0.136391544057586,-3.43458207467692,0.00496758760456228,-0.253221305452448
"BORR_00166",0,0.146117211113974,0.0919789645941921,0.00771107355031319,-0.136391544057586,-0.841071363806045,0.233660361580639,0.151602895919437
"BORR_00167",0,0.146117211113974,0.037832601224235,0.00771107355031319,0.0180652842540769,-0.841071363806045,0.00496758760456228,-0.23440715863823
"BORR_00168",0,-0.0978146070384635,0.0919789645941921,0.00771107355031319,-0.136391544057586,-3.43458207467692,-0.0729896135779528,-0.852103784609621
"BORR_00169",0,0.146117211113974,0.037832601224235,0.185207978194692,-0.136391544057586,-0.841071363806045,-0.411547356690187,0.151602895919437
"BORR_00170",0,0.146117211113974,0.037832601224235,0.337310430883764,0.0180652842540769,-0.841071363806045,-0.0729896135779528,-0.592752218784067
"BORR_00171",0,0.146117211113974,0.037832601224235,0.00771107355031319,-0.136391544057586,-0.841071363806045,-0.300216674045857,0.259859837233353
"BORR_00172",0,0.146117211113974,0.037832601224235,0.00771107355031319,-0.719557128647638,1.51020054308605,-0.0729896135779528,0.435750503697017
"BORR_00173",0,-0.497699848459965,0.037832601224235,0.00771107355031319,0.397035991516326,-3.43458207467692,0.00496758760456228,0.435750503697017
"BORR_00174",0,0.146117211113974,0.037832601224235,-1.38340793971915,0.0180652842540769,-0.841071363806045,-0.0800626615800131,-0.23440715863823
"BORR_00175",0,-0.0978146070384635,0.0919789645941921,-1.38340793971915,-0.136391544057586,0.656293273311169,-0.411547356690187,0.151602895919437
"BORR_00176",0,0.146117211113974,0.0919789645941921,-1.38340793971915,-0.341800490445478,-0.841071363806045,0.00496758760456228,-0.23440715863823
"BORR_00177",0,0.146117211113974,0.037832601224235,0.00771107355031319,0.705083437480601,-3.43458207467692,-0.411547356690187,0.312929674010676
"BORR_00178",0,0.146117211113974,0.037832601224235,-0.507939202365253,-0.341800490445478,-0.841071363806045,0.277145473520378,0.259859837233353
"BORR_00179",0,0.146117211113974,0.037832601224235,0.00771107355031319,0.397035991516326,1.51020054308605,-0.411547356690187,-0.23440715863823
"BORR_00180",0,0.187914339792435,0.037832601224235,0.00771107355031319,-0.136391544057586,-3.43458207467692,-0.0729896135779528,0.151602895919437
"BORR_00181",0,0.146117211113974,0.037832601224235,0.00771107355031319,-0.341800490445478,1.51020054308605,-0.0729896135779528,-0.253221305452448
"BORR_00182",0,-0.497699848459965,-0.44318444163337,-0.130337798744024,0.0180652842540769,-3.43458207467692,0.00496758760456228,0.151602895919437
"BORR_00183",0,0.146117211113974,0.037832601224235,-1.38340793971915,0.18935009021854,-3.43458207467692,-0.0729896135779528,-0.23440715863823
"BORR_00184",0,0.187914339792435,0.037832601224235,-0.507939202365253,-0.341800490445478,1.51020054308605,0.00496758760456228,0.312929674010676
"BORR_00185",0,0.146117211113974,0.037832601224235,0.00771107355031319,0.0180652842540769,-3.43458207467692,-0.0729896135779528,-0.23440715863823
"BORR_00186",0,-0.0978146070384635,0.0919789645941921,0.00771107355031319,-0.341800490445478,-3.43458207467692,0.277145473520378,-0.852103784609621
"BORR_00187",0,-0.0978146070384635,0.0919789645941921,0.185207978194692,-0.136391544057586,-0.841071363806045,0.288768313348371,-0.592752218784067
"BORR_00188",0,0.146117211113974,-0.44318444163337,0.00771107355031319,-0.0141663669819817,-3.43458207467692,0.288768313348371,0.151602895919437
"BORR_00189",0,-0.0978146070384635,0.037832601224235,0.638875188120734,-0.341800490445478,-3.43458207467692,-0.0729896135779528,-0.852103784609621
"BORR_00190",0,0.146117211113974,0.037832601224235,-0.54507874931471,0.0180652842540769,-0.841071363806045,-0.300216674045857,0.151602895919437
"BORR_00191",0,0.146117211113974,-0.44318444163337,0.185207978194692,0.0180652842540769,-3.43458207467692,0.233660361580639,-0.23440715863823
"BORR_00192",1,0.146117211113974,0.0919789645941921,0.337310430883764,0.0180652842540769,1.51020054308605,-0.0800626615800131,0.151602895919437
"BORR_00193",0,0.146117211113974,0.037832601224235,0.00771107355031319,0.0180652842540769,-3.43458207467692,-0.0800626615800131,-0.253221305452448
"BORR_00194",1,0.146117211113974,0.0919789645941921,-0.130337798744024,-0.136391544057586,1.51020054308605,0.288768313348371,0.151602895919437
"BORR_00195",0,-0.497699848459965,0.0919789645941921,0.638875188120734,0.0180652842540769,1.51020054308605,-0.300216674045857,0.259859837233353
"BORR_00196",0,0.146117211113974,0.037832601224235,-0.130337798744024,0.18935009021854,-0.841071363806045,0.00496758760456228,-0.23440715863823
"BORR_00197",1,0.146117211113974,0.0919789645941921,0.00771107355031319,0.705083437480601,0.656293273311169,-0.0800626615800131,-0.592752218784067
"BORR_00198",0,0.146117211113974,0.037832601224235,0.00771107355031319,-0.719557128647638,-0.841071363806045,-0.0800626615800131,0.435750503697017
"BORR_00199",0,0.146117211113974,0.037832601224235,-1.38340793971915,-0.341800490445478,-3.43458207467692,-0.0729896135779528,-0.592752218784067
"BORR_00200",0,-0.0978146070384635,0.037832601224235,0.185207978194692,0.18935009021854,0.656293273311169,-0.0800626615800131,0.435750503697017
"BORR_00201",0,0.146117211113974,-0.44318444163337,0.185207978194692,0.0180652842540769,-3.43458207467692,0.00496758760456228,-0.592752218784067
"BORR_00202",0,0.187914339792435,-0.44318444163337,-0.130337798744024,0.0180652842540769,0.656293273311169,0.233660361580639,0.435750503697017
"BORR_00203",1,0.187914339792435,-0.44318444163337,-0.54507874931471,0.0180652842540769,1.51020054308605,-0.411547356690187,0.259859837233353
"BORR_00204",1,0.146117211113974,0.037832601224235,0.00771107355031319,-0.136391544057586,1.51020054308605,0.00496758760456228,0.151602895919437
"BORR_00205",1,-0.497699848459965,0.0919789645941921,0.337310430883764,0.397035991516326,1.51020054308605,-0.0729896135779528,0.312929674010676
"BORR_00206",0,0.187914339792435,0.0919789645941921,-0.54507874931471,-0.341800490445478,1.51020054308605,-0.0800626615800131,0.259859837233353
"BORR_00207",0,0.187914339792435,0.0919789645941921,0.638875188120734,0.18935009021854,1.51020054308605,-0.411547356690187,0.151602895919437
"BORR_00208",0,0.146117211113974,0.0919789645941921,-0.54507874931471,0.0180652842540769,1.51020054308605,0.288768313348371,0.259859837233353
"BORR_00209",0,-0.497699848459965,-0.44318444163337,-0.507939202365253,0.18935009021854,-0.841071363806045,0.00496758760456228,-0.253221305452448
"BORR_00210",0,0.146117211113974,0.037832601224235,-0.130337798744024,0.18935009021854,-3.43458207467692,0.00496758760456228,0.151602895919437
"BORR_00211",0,0.146117211113974,0.037832601224235,0.00771107355031319,0.18935009021854,-3.43458207467692,0.277145473520378,-0.23440715863823
"BORR_00212",0,0.146117211113974,0.037832601224235,0.185207978194692,0.397035991516326,-3.43458207467692,0.00496758760456228,0.259859837233353
"BORR_00213",0,0.187914339792435,0.037832601224235,-0.507939202365253,0.0180652842540769,-3.43458207467692,-0.300216674045857,0.151602895919437
"BORR_00214",0,-0.497699848459965,0.037832601224235,0.337310430883764,0.0180652842540769,-0.841071363806045,-0.300216674045857,-0.253221305452448
"BORR_00215",0,0.187914339792435,0.0919789645941921,0.00771107355031319,-0.136391544057586,-3.43458207467692,0.00496758760456228,0.435750503697017
"BORR_00216",0,0.146117211113974,0.037832601224235,-0.54507874931471,-0.341800490445478,1.51020054308605,-0.0800626615800131,0.151602895919437
"BORR_00217",1,0.146117211113974,0.037832601224235,0.00771107355031319,0.397035991516326,1.51020054308605,-0.300216674045857,-0.253221305452448
"BORR_00218",0,0.146117211113974,0.0919789645941921,-0.507939202365253,-0.136391544057586,-3.43458207467692,-0.0800626615800131,-0.23440715863823
"BORR_00219",0,-0.0978146070384635,0.037832601224235,0.00771107355031319,-0.0141663669819817,1.51020054308605,-0.411547356690187,-0.253221305452448
"BORR_00220",0,0.146117211113974,0.037832601224235,0.00771107355031319,-0.136391544057586,0.656293273311169,0.00496758760456228,-0.23440715863823
"BORR_00221",0,0.187914339792435,0.037832601224235,-0.54507874931471,-0.719557128647638,0.656293273311169,-0.0729896135779528,-0.852103784609621
"BORR_00222",0,-0.0978146070384635,0.037832601224235,-1.38340793971915,-0.136391544057586,-3.43458207467692,-0.0800626615800131,-0.253221305452448
"BORR_00223",0,-0.497699848459965,0.037832601224235,0.00771107355031319,-0.136391544057586,-0.841071363806045,-0.0729896135779528,0.151602895919437
"BORR_00224",0,0.146117211113974,0.037832601224235,-0.130337798744024,0.0180652842540769,-3.43458207467692,0.00496758760456228,-0.852103784609621
"BORR_00225",0,0.146117211113974,0.037832601224235,0.00771107355031319,0.0180652842540769,1.51020054308605,0.00496758760456228,-0.23440715863823
"BORR_01054",0,0.146117211113974,0.037832601224235,-0.130337798744024,0.18935009021854,-3.43458207467692,-0.300216674045857,-0.23440715863823
"BORR_00226",0,0.187914339792435,-0.44318444163337,0.337310430883764,0.18935009021854,-3.43458207467692,0.277145473520378,0.151602895919437
"BORR_00227",0,0.146117211113974,0.037832601224235,0.00771107355031319,0.0180652842540769,-3.43458207467692,0.00496758760456228,0.259859837233353
"BORR_00228",0,-0.0978146070384635,0.0919789645941921,-0.54507874931471,0.0180652842540769,-3.43458207467692,0.288768313348371,0.151602895919437
"BORR_00229",0,-0.497699848459965,0.037832601224235,0.185207978194692,-0.136391544057586,-3.43458207467692,-0.300216674045857,-0.852103784609621
"BORR_00230",0,-0.0978146070384635,0.037832601224235,0.00771107355031319,0.0180652842540769,-3.43458207467692,-0.300216674045857,0.259859837233353
"BORR_00231",0,-0.497699848459965,0.0919789645941921,0.00771107355031319,-0.136391544057586,-3.43458207467692,0.233660361580639,0.312929674010676
"BORR_00232",0,0.146117211113974,0.037832601224235,0.00771107355031319,-0.136391544057586,-3.43458207467692,0.00496758760456228,0.151602895919437
"BORR_00233",0,-0.0978146070384635,0.037832601224235,0.00771107355031319,-0.136391544057586,0.656293273311169,-0.0800626615800131,-0.23440715863823
"BORR_00234",0,-0.0978146070384635,0.037832601224235,-0.54507874931471,-0.136391544057586,-0.841071363806045,-0.0729896135779528,0.151602895919437
"BORR_00235",0,-0.497699848459965,0.037832601224235,-0.507939202365253,-0.136391544057586,-0.841071363806045,0.233660361580639,-0.23440715863823
"BORR_00236",0,0.146117211113974,0.037832601224235,0.00771107355031319,-0.136391544057586,-3.43458207467692,0.00496758760456228,-0.852103784609621
"BORR_00237",0,0.187914339792435,0.037832601224235,0.00771107355031319,-0.341800490445478,-3.43458207467692,0.277145473520378,-0.852103784609621
"BORR_00238",0,-0.497699848459965,0.037832601224235,0.00771107355031319,0.0180652842540769,-3.43458207467692,0.00496758760456228,-0.253221305452448
"BORR_00239",0,0.146117211113974,0.037832601224235,0.00771107355031319,-0.136391544057586,0.656293273311169,0.00496758760456228,-0.253221305452448
"BORR_00240",0,-0.497699848459965,0.0919789645941921,0.00771107355031319,-0.136391544057586,-3.43458207467692,-0.300216674045857,0.151602895919437
"BORR_00241",0,0.146117211113974,0.0919789645941921,0.185207978194692,0.397035991516326,-3.43458207467692,-0.0729896135779528,0.435750503697017
"BORR_00242",0,0.187914339792435,0.037832601224235,-0.54507874931471,-0.0141663669819817,-0.841071363806045,-0.300216674045857,-0.23440715863823
"BORR_00243",0,-0.497699848459965,0.037832601224235,-0.54507874931471,-0.341800490445478,0.656293273311169,0.00496758760456228,0.259859837233353
"BORR_00244",0,-0.497699848459965,0.0919789645941921,-1.38340793971915,-0.0141663669819817,0.656293273311169,-0.0729896135779528,0.151602895919437
"BORR_00245",0,0.146117211113974,0.037832601224235,0.00771107355031319,-0.136391544057586,1.51020054308605,0.233660361580639,0.259859837233353
"BORR_00246",0,-0.0978146070384635,0.037832601224235,0.00771107355031319,-0.719557128647638,0.656293273311169,0.233660361580639,-0.592752218784067
"BORR_00247",0,0.146117211113974,0.037832601224235,0.337310430883764,0.0180652842540769,-0.841071363806045,-0.411547356690187,-0.592752218784067
"BORR_00248",0,0.146117211113974,0.0919789645941921,-0.507939202365253,0.18935009021854,-3.43458207467692,0.00496758760456228,-0.253221305452448
"BORR_00249",0,0.146117211113974,0.037832601224235,-0.54507874931471,0.705083437480601,-3.43458207467692,0.288768313348371,-0.592752218784067
"BORR_00250",0,0.146117211113974,0.037832601224235,0.00771107355031319,0.18935009021854,1.51020054308605,0.00496758760456228,0.151602895919437
"BORR_00251",0,-0.497699848459965,0.037832601224235,0.337310430883764,0.0180652842540769,-3.43458207467692,0.277145473520378,0.151602895919437
"BORR_00252",0,0.146117211113974,0.0919789645941921,-0.507939202365253,0.18935009021854,-0.841071363806045,-0.300216674045857,-0.253221305452448
"BORR_00253",0,0.187914339792435,0.0919789645941921,-1.38340793971915,0.0180652842540769,0.656293273311169,0.00496758760456228,0.312929674010676
"BORR_00254",0,-0.0978146070384635,0.0919789645941921,0.185207978194692,0.0180652842540769,0.656293273311169,-0.300216674045857,-0.23440715863823
"BORR_00255",0,0.146117211113974,0.037832601224235,0.337310430883764,0.0180652842540769,-3.43458207467692,0.00496758760456228,0.435750503697017
"BORR_00256",1,0.146117211113974,0.037832601224235,-0.507939202365253,0.0180652842540769,1.51020054308605,0.277145473520378,0.312929674010676
"BORR_00257",0,-0.497699848459965,0.037832601224235,0.00771107355031319,-0.341800490445478,-0.841071363806045,-0.300216674045857,-0.23440715863823
"BORR_00258",0,0.146117211113974,0.037832601224235,-0.54507874931471,-0.0141663669819817,-3.43458207467692,0.288768313348371,-0.253221305452448
"BORR_00259",0,0.146117211113974,0.037832601224235,0.00771107355031319,-0.341800490445478,-3.43458207467692,0.00496758760456228,-0.852103784609621
"BORR_00260",0,0.146117211113974,0.0919789645941921,0.00771107355031319,-0.136391544057586,-3.43458207467692,0.00496758760456228,0.435750503697017
"BORR_00261",0,0.146117211113974,0.037832601224235,0.00771107355031319,-0.136391544057586,1.51020054308605,0.233660361580639,0.259859837233353
"BORR_00262",0,-0.0978146070384635,0.0919789645941921,-1.38340793971915,-0.136391544057586,-0.841071363806045,-0.0800626615800131,0.151602895919437
"BORR_00263",0,-0.497699848459965,0.0919789645941921,-0.130337798744024,-0.136391544057586,-3.43458207467692,-0.0729896135779528,0.151602895919437
"BORR_00264",0,0.146117211113974,0.037832601224235,0.337310430883764,0.705083437480601,-0.841071363806045,-0.0729896135779528,-0.852103784609621
"BORR_00265",0,0.187914339792435,0.037832601224235,0.00771107355031319,0.0180652842540769,-3.43458207467692,0.00496758760456228,-0.253221305452448
"BORR_00266",0,0.187914339792435,0.037832601224235,0.00771107355031319,-0.341800490445478,1.51020054308605,-0.0800626615800131,-0.852103784609621
"BORR_00267",0,-0.0978146070384635,0.037832601224235,0.00771107355031319,-0.136391544057586,-0.841071363806045,0.00496758760456228,-0.592752218784067
"BORR_00268",0,0.187914339792435,0.037832601224235,0.185207978194692,-0.719557128647638,-3.43458207467692,-0.0729896135779528,0.151602895919437
"BORR_00269",0,0.146117211113974,0.0919789645941921,-0.507939202365253,-0.0141663669819817,1.51020054308605,0.00496758760456228,0.151602895919437
"BORR_00270",0,0.146117211113974,0.037832601224235,-0.507939202365253,0.0180652842540769,-0.841071363806045,-0.0729896135779528,0.435750503697017
"BORR_00271",0,-0.0978146070384635,0.037832601224235,0.185207978194692,0.0180652842540769,-3.43458207467692,-0.411547356690187,-0.592752218784067
"BORR_00272",0,0.146117211113974,0.0919789645941921,-0.130337798744024,-0.136391544057586,1.51020054308605,0.00496758760456228,-0.23440715863823
"BORR_00273",0,0.146117211113974,-0.44318444163337,0.337310430883764,-0.341800490445478,-0.841071363806045,-0.0729896135779528,0.151602895919437
"BORR_00274",0,-0.497699848459965,0.0919789645941921,-0.130337798744024,0.0180652842540769,-0.841071363806045,0.00496758760456228,0.312929674010676
"BORR_00275",0,-0.497699848459965,0.037832601224235,0.00771107355031319,0.397035991516326,-3.43458207467692,0.00496758760456228,0.435750503697017
"BORR_00276",0,0.187914339792435,-0.44318444163337,-0.507939202365253,0.18935009021854,-3.43458207467692,0.288768313348371,-0.253221305452448
"BORR_00277",0,-0.497699848459965,0.037832601224235,-0.54507874931471,-0.136391544057586,-3.43458207467692,-0.0729896135779528,0.259859837233353
"BORR_00278",0,0.146117211113974,0.037832601224235,-0.54507874931471,-0.0141663669819817,-0.841071363806045,-0.300216674045857,0.151602895919437
"BORR_00279",0,0.146117211113974,0.037832601224235,0.185207978194692,-0.136391544057586,-0.841071363806045,-0.300216674045857,-0.852103784609621
"BORR_00280",0,0.146117211113974,0.037832601224235,0.337310430883764,-0.341800490445478,-3.43458207467692,-0.0800626615800131,-0.852103784609621
"BORR_00281",0,-0.0978146070384635,0.037832601224235,0.638875188120734,-0.136391544057586,-3.43458207467692,-0.0800626615800131,0.259859837233353
"BORR_00282",0,-0.0978146070384635,-0.44318444163337,-1.38340793971915,-0.136391544057586,0.656293273311169,-0.0800626615800131,0.259859837233353
"BORR_00283",0,0.146117211113974,0.0919789645941921,0.00771107355031319,0.0180652842540769,-0.841071363806045,-0.0800626615800131,0.151602895919437
"BORR_00284",0,0.146117211113974,0.037832601224235,0.00771107355031319,0.0180652842540769,-3.43458207467692,0.277145473520378,-0.23440715863823
"BORR_00285",0,0.146117211113974,0.037832601224235,0.00771107355031319,0.18935009021854,-3.43458207467692,-0.411547356690187,0.312929674010676
"BORR_00286",0,-0.497699848459965,-0.44318444163337,-0.507939202365253,0.0180652842540769,-3.43458207467692,0.233660361580639,0.151602895919437
"BORR_00287",0,0.146117211113974,-0.44318444163337,0.185207978194692,-0.136391544057586,-3.43458207467692,-0.300216674045857,0.151602895919437
"BORR_00288",0,0.146117211113974,0.0919789645941921,-0.54507874931471,0.18935009021854,-0.841071363806045,0.288768313348371,-0.253221305452448
"BORR_00289",0,0.146117211113974,0.037832601224235,0.00771107355031319,-0.136391544057586,-3.43458207467692,-0.0729896135779528,0.151602895919437
"BORR_00290",0,0.146117211113974,0.037832601224235,0.00771107355031319,0.0180652842540769,-0.841071363806045,-0.411547356690187,-0.23440715863823
"BORR_00291",0,0.146117211113974,0.037832601224235,0.00771107355031319,0.0180652842540769,-3.43458207467692,-0.0729896135779528,0.259859837233353
"BORR_00292",0,-0.497699848459965,0.037832601224235,0.337310430883764,-0.341800490445478,-3.43458207467692,0.00496758760456228,-0.23440715863823
"BORR_00293",0,0.146117211113974,0.037832601224235,-0.507939202365253,-0.0141663669819817,1.51020054308605,-0.411547356690187,-0.592752218784067
"BORR_00294",0,-0.497699848459965,-0.44318444163337,0.00771107355031319,0.18935009021854,-0.841071363806045,-0.0729896135779528,0.151602895919437
"BORR_00295",0,0.187914339792435,0.037832601224235,0.00771107355031319,-0.136391544057586,-0.841071363806045,0.00496758760456228,0.151602895919437
"BORR_00296",0,0.146117211113974,0.037832601224235,0.00771107355031319,0.0180652842540769,-0.841071363806045,0.00496758760456228,-0.852103784609621
"BORR_00297",0,-0.497699848459965,0.037832601224235,0.185207978194692,-0.136391544057586,-0.841071363806045,-0.411547356690187,-0.852103784609621
"BORR_00298",0,0.146117211113974,0.037832601224235,0.185207978194692,0.0180652842540769,-3.43458207467692,-0.0729896135779528,-0.23440715863823
"BORR_00299",0,0.146117211113974,0.037832601224235,-1.38340793971915,0.0180652842540769,-0.841071363806045,-0.0800626615800131,-0.23440715863823
"BORR_00300",0,0.146117211113974,0.037832601224235,0.185207978194692,-0.719557128647638,-3.43458207467692,-0.0729896135779528,0.151602895919437
"BORR_00301",1,0.187914339792435,0.037832601224235,0.00771107355031319,-0.719557128647638,1.51020054308605,0.00496758760456228,0.151602895919437
"BORR_00302",0,0.146117211113974,0.0919789645941921,0.00771107355031319,-0.341800490445478,1.51020054308605,-0.0729896135779528,-0.852103784609621
"BORR_00303",0,-0.497699848459965,0.037832601224235,-0.507939202365253,-0.136391544057586,-3.43458207467692,0.00496758760456228,0.259859837233353
"BORR_00304",0,-0.497699848459965,0.037832601224235,0.00771107355031319,-0.341800490445478,-0.841071363806045,-0.411547356690187,0.151602895919437
"BORR_00305",0,-0.497699848459965,0.037832601224235,0.00771107355031319,0.0180652842540769,-0.841071363806045,0.00496758760456228,0.151602895919437
"BORR_00306",0,-0.0978146070384635,-0.44318444163337,0.00771107355031319,0.0180652842540769,-3.43458207467692,-0.0729896135779528,0.151602895919437
"BORR_00307",0,-0.0978146070384635,0.037832601224235,0.00771107355031319,-0.136391544057586,-3.43458207467692,-0.300216674045857,0.435750503697017
"BORR_00308",0,0.187914339792435,0.037832601224235,0.00771107355031319,0.0180652842540769,1.51020054308605,-0.0729896135779528,-0.852103784609621
"BORR_00309",1,-0.497699848459965,-0.44318444163337,-0.130337798744024,-0.341800490445478,1.51020054308605,-0.0800626615800131,0.312929674010676
"BORR_00310",0,0.146117211113974,0.037832601224235,-0.54507874931471,-0.341800490445478,-0.841071363806045,-0.300216674045857,-0.253221305452448
"BORR_00311",0,-0.0978146070384635,0.037832601224235,0.00771107355031319,0.18935009021854,-3.43458207467692,0.00496758760456228,0.312929674010676
"BORR_00312",0,-0.497699848459965,0.037832601224235,-1.38340793971915,0.397035991516326,-3.43458207467692,-0.0800626615800131,-0.253221305452448
"BORR_00313",0,-0.497699848459965,0.037832601224235,0.00771107355031319,0.0180652842540769,-3.43458207467692,0.00496758760456228,0.259859837233353
"BORR_00314",0,0.146117211113974,0.037832601224235,0.00771107355031319,0.0180652842540769,-3.43458207467692,-0.0800626615800131,0.151602895919437
"BORR_00315",0,0.146117211113974,0.0919789645941921,0.638875188120734,-0.341800490445478,-0.841071363806045,-0.0800626615800131,-0.852103784609621
"BORR_00316",0,0.146117211113974,0.037832601224235,0.337310430883764,0.18935009021854,-3.43458207467692,0.00496758760456228,0.151602895919437
"BORR_00317",0,0.146117211113974,0.037832601224235,-0.507939202365253,-0.341800490445478,-3.43458207467692,0.277145473520378,0.151602895919437
"BORR_00318",0,0.146117211113974,0.0919789645941921,0.00771107355031319,0.18935009021854,-0.841071363806045,-0.0729896135779528,0.151602895919437
"BORR_00319",0,-0.0978146070384635,0.037832601224235,0.185207978194692,0.0180652842540769,-3.43458207467692,-0.0729896135779528,0.259859837233353
"BORR_00320",0,0.146117211113974,0.037832601224235,0.185207978194692,-0.136391544057586,-3.43458207467692,-0.0729896135779528,0.435750503697017
"BORR_00321",0,0.146117211113974,-0.44318444163337,0.00771107355031319,-0.341800490445478,-3.43458207467692,0.00496758760456228,0.151602895919437
"BORR_00322",0,0.146117211113974,0.037832601224235,0.638875188120734,0.0180652842540769,-3.43458207467692,0.288768313348371,-0.592752218784067
"BORR_00323",0,-0.497699848459965,0.0919789645941921,0.00771107355031319,0.397035991516326,-3.43458207467692,-0.411547356690187,-0.253221305452448
"BORR_00324",1,0.146117211113974,0.0919789645941921,0.185207978194692,-0.136391544057586,1.51020054308605,0.00496758760456228,-0.23440715863823
"BORR_00325",0,0.146117211113974,0.037832601224235,-1.38340793971915,-0.136391544057586,-3.43458207467692,-0.0800626615800131,-0.253221305452448
"BORR_00326",0,0.146117211113974,0.037832601224235,-1.38340793971915,0.0180652842540769,0.656293273311169,-0.0729896135779528,0.151602895919437
"BORR_00327",0,0.146117211113974,0.037832601224235,0.00771107355031319,0.18935009021854,-0.841071363806045,0.00496758760456228,0.151602895919437
"BORR_00328",0,0.146117211113974,0.037832601224235,0.185207978194692,0.705083437480601,-0.841071363806045,-0.0729896135779528,-0.23440715863823
"BORR_00329",0,0.187914339792435,0.0919789645941921,0.00771107355031319,-0.0141663669819817,-0.841071363806045,0.00496758760456228,-0.592752218784067
"BORR_00330",0,-0.497699848459965,0.037832601224235,-0.130337798744024,-0.341800490445478,-3.43458207467692,-0.0729896135779528,-0.23440715863823
"BORR_00331",0,0.187914339792435,0.037832601224235,-0.507939202365253,0.18935009021854,0.656293273311169,0.00496758760456228,-0.852103784609621
"BORR_00332",0,0.146117211113974,0.037832601224235,0.00771107355031319,-0.136391544057586,-3.43458207467692,0.00496758760456228,-0.852103784609621
"BORR_00333",0,-0.497699848459965,-0.44318444163337,0.185207978194692,0.0180652842540769,-3.43458207467692,-0.0800626615800131,0.312929674010676
"BORR_00334",0,0.146117211113974,0.037832601224235,0.185207978194692,-0.0141663669819817,-3.43458207467692,0.233660361580639,-0.592752218784067
"BORR_00335",0,0.146117211113974,0.037832601224235,0.185207978194692,0.397035991516326,-0.841071363806045,-0.0729896135779528,0.151602895919437
"BORR_00336",0,0.146117211113974,0.037832601224235,0.00771107355031319,-0.0141663669819817,-3.43458207467692,0.288768313348371,0.259859837233353
"BORR_00337",0,0.146117211113974,0.0919789645941921,0.00771107355031319,0.705083437480601,1.51020054308605,-0.0800626615800131,0.151602895919437
"BORR_00338",0,0.146117211113974,0.037832601224235,0.00771107355031319,0.0180652842540769,-3.43458207467692,-0.300216674045857,0.151602895919437
"BORR_00339",0,-0.0978146070384635,0.037832601224235,-0.54507874931471,0.397035991516326,-0.841071363806045,0.277145473520378,0.151602895919437
"BORR_00340",0,0.146117211113974,0.0919789645941921,-0.507939202365253,0.0180652842540769,-3.43458207467692,0.00496758760456228,-0.592752218784067
"BORR_00341",0,0.146117211113974,0.037832601224235,0.00771107355031319,-0.341800490445478,-3.43458207467692,0.288768313348371,0.151602895919437
"BORR_00342",0,0.146117211113974,0.037832601224235,-0.54507874931471,0.705083437480601,-3.43458207467692,-0.411547356690187,0.151602895919437
"BORR_00343",0,0.146117211113974,0.037832601224235,0.00771107355031319,0.0180652842540769,-0.841071363806045,-0.0800626615800131,-0.23440715863823
"BORR_00344",0,0.146117211113974,0.037832601224235,0.00771107355031319,0.18935009021854,0.656293273311169,0.277145473520378,-0.23440715863823
"BORR_00345",1,0.146117211113974,0.037832601224235,0.185207978194692,0.0180652842540769,-0.841071363806045,0.233660361580639,-0.23440715863823
"BORR_00346",1,0.146117211113974,0.0919789645941921,0.00771107355031319,-0.341800490445478,1.51020054308605,0.233660361580639,-0.23440715863823
"BORR_00347",0,0.146117211113974,0.037832601224235,0.00771107355031319,0.705083437480601,-3.43458207467692,0.00496758760456228,0.151602895919437
"BORR_00348",0,0.146117211113974,0.037832601224235,-0.507939202365253,0.0180652842540769,1.51020054308605,0.00496758760456228,0.151602895919437
"BORR_00349",0,-0.497699848459965,0.037832601224235,0.185207978194692,0.0180652842540769,-3.43458207467692,0.233660361580639,0.151602895919437
"BORR_00350",0,0.146117211113974,-0.44318444163337,0.185207978194692,0.0180652842540769,-0.841071363806045,-0.300216674045857,-0.253221305452448
"BORR_00351",0,-0.497699848459965,0.037832601224235,0.00771107355031319,-0.341800490445478,-0.841071363806045,0.277145473520378,-0.852103784609621
"BORR_00352",0,0.146117211113974,0.037832601224235,0.00771107355031319,-0.136391544057586,1.51020054308605,-0.0729896135779528,0.151602895919437
"BORR_00353",0,0.187914339792435,0.0919789645941921,0.185207978194692,0.705083437480601,0.656293273311169,-0.0800626615800131,0.435750503697017
"BORR_00354",0,-0.497699848459965,0.037832601224235,0.00771107355031319,0.0180652842540769,-3.43458207467692,-0.0800626615800131,0.312929674010676
"BORR_00355",0,0.146117211113974,0.037832601224235,-1.38340793971915,0.18935009021854,-3.43458207467692,-0.0800626615800131,-0.23440715863823
"BORR_00356",0,0.146117211113974,-0.44318444163337,-1.38340793971915,0.397035991516326,-3.43458207467692,0.00496758760456228,-0.852103784609621
"BORR_00357",0,0.146117211113974,0.037832601224235,-0.507939202365253,-0.136391544057586,-0.841071363806045,0.288768313348371,0.151602895919437
"BORR_00358",0,0.187914339792435,0.0919789645941921,0.00771107355031319,0.0180652842540769,-0.841071363806045,-0.0729896135779528,0.151602895919437
"BORR_00359",0,0.146117211113974,0.037832601224235,0.185207978194692,-0.719557128647638,-0.841071363806045,-0.411547356690187,-0.852103784609621
"BORR_00360",0,0.146117211113974,0.0919789645941921,0.638875188120734,0.0180652842540769,-3.43458207467692,0.00496758760456228,-0.23440715863823
"BORR_00361",0,0.146117211113974,0.037832601224235,0.337310430883764,0.0180652842540769,1.51020054308605,0.00496758760456228,-0.23440715863823
"BORR_00362",0,0.146117211113974,0.037832601224235,-0.130337798744024,-0.136391544057586,0.656293273311169,-0.0800626615800131,0.259859837233353
"BORR_00363",0,0.146117211113974,0.037832601224235,0.337310430883764,-0.341800490445478,-0.841071363806045,-0.0800626615800131,0.259859837233353
"BORR_00364",0,-0.497699848459965,0.0919789645941921,-0.507939202365253,-0.341800490445478,1.51020054308605,-0.0729896135779528,-0.852103784609621
"BORR_00365",0,-0.497699848459965,0.037832601224235,-1.38340793971915,0.18935009021854,-3.43458207467692,0.233660361580639,0.151602895919437
"BORR_00366",0,0.187914339792435,0.037832601224235,0.00771107355031319,-0.341800490445478,-3.43458207467692,-0.411547356690187,0.435750503697017
"BORR_00367",0,0.146117211113974,-0.44318444163337,0.00771107355031319,0.0180652842540769,1.51020054308605,-0.0729896135779528,-0.253221305452448
"BORR_00368",0,0.146117211113974,0.037832601224235,-0.507939202365253,0.18935009021854,0.656293273311169,-0.0729896135779528,0.151602895919437
"BORR_00369",0,0.187914339792435,0.0919789645941921,-0.130337798744024,0.0180652842540769,-0.841071363806045,0.277145473520378,0.259859837233353
"BORR_00370",0,0.146117211113974,0.0919789645941921,0.00771107355031319,-0.136391544057586,-3.43458207467692,-0.0729896135779528,-0.23440715863823
"BORR_00371",0,-0.497699848459965,0.037832601224235,0.00771107355031319,-0.719557128647638,-3.43458207467692,0.00496758760456228,0.312929674010676
"BORR_00372",1,0.146117211113974,0.037832601224235,0.00771107355031319,0.0180652842540769,1.51020054308605,-0.0800626615800131,-0.592752218784067
"BORR_00373",0,0.146117211113974,0.0919789645941921,0.337310430883764,0.397035991516326,-3.43458207467692,-0.0729896135779528,-0.592752218784067
"BORR_00374",0,-0.0978146070384635,0.037832601224235,-0.507939202365253,-0.0141663669819817,-0.841071363806045,-0.300216674045857,-0.253221305452448
"BORR_00375",0,0.146117211113974,0.037832601224235,0.00771107355031319,-0.0141663669819817,1.51020054308605,-0.300216674045857,-0.852103784609621
"BORR_00376",0,0.146117211113974,-0.44318444163337,0.00771107355031319,-0.136391544057586,-3.43458207467692,-0.0729896135779528,-0.852103784609621
"BORR_00377",0,0.146117211113974,0.037832601224235,-0.507939202365253,0.0180652842540769,-3.43458207467692,0.233660361580639,-0.592752218784067
"BORR_00378",0,0.146117211113974,0.0919789645941921,0.00771107355031319,0.397035991516326,-3.43458207467692,-0.300216674045857,0.435750503697017
"BORR_00379",0,0.146117211113974,0.037832601224235,-0.507939202365253,-0.136391544057586,1.51020054308605,0.233660361580639,-0.23440715863823
"BORR_00380",0,0.146117211113974,0.037832601224235,-0.54507874931471,-0.136391544057586,-3.43458207467692,-0.0729896135779528,-0.253221305452448
"BORR_00381",0,0.146117211113974,0.037832601224235,0.638875188120734,-0.341800490445478,-3.43458207467692,0.288768313348371,-0.253221305452448
"BORR_00382",0,0.146117211113974,0.037832601224235,0.185207978194692,-0.341800490445478,1.51020054308605,-0.0800626615800131,0.151602895919437
"BORR_00383",0,-0.497699848459965,0.037832601224235,0.00771107355031319,-0.341800490445478,1.51020054308605,0.288768313348371,-0.592752218784067
"BORR_00384",0,-0.0978146070384635,0.037832601224235,0.00771107355031319,-0.719557128647638,-3.43458207467692,-0.0800626615800131,-0.592752218784067
"BORR_00385",0,0.146117211113974,0.0919789645941921,0.337310430883764,-0.341800490445478,-3.43458207467692,-0.0729896135779528,0.312929674010676
"BORR_00386",0,0.146117211113974,0.037832601224235,0.00771107355031319,-0.341800490445478,-3.43458207467692,-0.411547356690187,-0.23440715863823
"BORR_00387",0,-0.497699848459965,0.037832601224235,0.00771107355031319,-0.0141663669819817,-3.43458207467692,-0.0729896135779528,-0.592752218784067
"BORR_00388",0,0.187914339792435,0.037832601224235,0.337310430883764,0.705083437480601,-3.43458207467692,0.00496758760456228,0.151602895919437
"BORR_00389",0,-0.0978146070384635,0.037832601224235,0.00771107355031319,-0.341800490445478,-3.43458207467692,0.00496758760456228,0.259859837233353
"BORR_00390",0,0.146117211113974,0.037832601224235,0.00771107355031319,-0.136391544057586,1.51020054308605,-0.300216674045857,0.151602895919437
"BORR_00391",0,-0.497699848459965,0.037832601224235,0.00771107355031319,-0.136391544057586,-3.43458207467692,0.00496758760456228,-0.253221305452448
"BORR_00392",0,-0.497699848459965,0.037832601224235,0.337310430883764,-0.719557128647638,-0.841071363806045,-0.300216674045857,-0.852103784609621
"BORR_00393",0,-0.0978146070384635,0.037832601224235,0.638875188120734,-0.341800490445478,-0.841071363806045,0.00496758760456228,-0.592752218784067
"BORR_00394",0,-0.497699848459965,0.037832601224235,0.00771107355031319,-0.136391544057586,1.51020054308605,-0.0800626615800131,-0.592752218784067
"BORR_00395",0,-0.497699848459965,0.0919789645941921,0.337310430883764,-0.136391544057586,-3.43458207467692,-0.411547356690187,-0.253221305452448
"BORR_00396",0,0.146117211113974,0.037832601224235,-0.130337798744024,-0.341800490445478,1.51020054308605,0.233660361580639,0.151602895919437
"BORR_00397",0,0.146117211113974,0.037832601224235,-1.38340793971915,0.0180652842540769,-3.43458207467692,0.233660361580639,0.151602895919437
"BORR_00398",1,0.187914339792435,0.037832601224235,0.00771107355031319,0.397035991516326,1.51020054308605,0.00496758760456228,0.312929674010676
"BORR_00399",0,0.146117211113974,0.037832601224235,0.00771107355031319,-0.136391544057586,-0.841071363806045,0.00496758760456228,-0.852103784609621
"BORR_00400",0,-0.497699848459965,-0.44318444163337,0.185207978194692,0.0180652842540769,-0.841071363806045,-0.0729896135779528,-0.253221305452448
"BORR_00401",0,-0.497699848459965,0.037832601224235,0.185207978194692,-0.136391544057586,-3.43458207467692,0.288768313348371,0.151602895919437
"BORR_00402",0,0.146117211113974,0.037832601224235,0.185207978194692,0.0180652842540769,-3.43458207467692,0.00496758760456228,0.151602895919437
"BORR_00403",0,-0.497699848459965,0.037832601224235,0.00771107355031319,-0.136391544057586,1.51020054308605,-0.0800626615800131,0.151602895919437
"BORR_00404",0,-0.497699848459965,0.037832601224235,0.638875188120734,-0.341800490445478,-3.43458207467692,-0.300216674045857,0.151602895919437
"BORR_00405",0,0.146117211113974,0.037832601224235,0.00771107355031319,-0.136391544057586,-3.43458207467692,-0.300216674045857,-0.852103784609621
"BORR_00406",0,-0.0978146070384635,0.037832601224235,-0.507939202365253,0.397035991516326,0.656293273311169,0.277145473520378,0.151602895919437
"BORR_00407",0,-0.497699848459965,-0.44318444163337,0.00771107355031319,-0.136391544057586,1.51020054308605,-0.0800626615800131,-0.852103784609621
"BORR_00408",0,0.146117211113974,0.037832601224235,-0.130337798744024,-0.341800490445478,-0.841071363806045,-0.300216674045857,0.151602895919437
"BORR_00409",0,0.146117211113974,0.037832601224235,-0.507939202365253,0.0180652842540769,-3.43458207467692,-0.0800626615800131,-0.592752218784067
"BORR_00410",0,0.146117211113974,0.037832601224235,-0.130337798744024,-0.341800490445478,1.51020054308605,0.233660361580639,0.312929674010676
"BORR_00411",0,-0.0978146070384635,0.037832601224235,-0.507939202365253,0.0180652842540769,-3.43458207467692,0.00496758760456228,0.151602895919437
"BORR_00412",0,0.146117211113974,0.037832601224235,0.00771107355031319,0.0180652842540769,-0.841071363806045,0.233660361580639,0.435750503697017
"BORR_00413",0,0.146117211113974,0.0919789645941921,-0.507939202365253,0.0180652842540769,-0.841071363806045,-0.0729896135779528,0.151602895919437
"BORR_00414",0,0.187914339792435,0.0919789645941921,-0.507939202365253,-0.136391544057586,-0.841071363806045,-0.0729896135779528,0.151602895919437
"BORR_00415",0,0.146117211113974,0.037832601224235,0.185207978194692,0.397035991516326,-0.841071363806045,-0.0729896135779528,0.259859837233353
"BORR_00416",0,0.187914339792435,0.0919789645941921,0.185207978194692,0.18935009021854,-3.43458207467692,0.233660361580639,0.435750503697017
"BORR_00417",0,-0.0978146070384635,0.037832601224235,-0.507939202365253,0.0180652842540769,-3.43458207467692,0.277145473520378,-0.23440715863823
"BORR_00418",0,0.146117211113974,-0.44318444163337,-0.54507874931471,0.0180652842540769,-3.43458207467692,-0.300216674045857,-0.253221305452448
"BORR_00419",0,0.146117211113974,0.037832601224235,-0.54507874931471,-0.719557128647638,1.51020054308605,-0.411547356690187,0.259859837233353
"BORR_00420",0,0.146117211113974,0.0919789645941921,0.00771107355031319,-0.341800490445478,-0.841071363806045,-0.0800626615800131,0.151602895919437
"BORR_00421",0,0.146117211113974,0.037832601224235,0.00771107355031319,-0.136391544057586,1.51020054308605,-0.0729896135779528,-0.23440715863823
"BORR_00422",0,0.146117211113974,0.037832601224235,0.00771107355031319,0.0180652842540769,-0.841071363806045,0.288768313348371,0.151602895919437
"BORR_00423",0,0.146117211113974,0.037832601224235,-0.54507874931471,0.0180652842540769,-3.43458207467692,-0.0729896135779528,-0.23440715863823
"BORR_00424",0,-0.497699848459965,0.037832601224235,-0.507939202365253,-0.136391544057586,-3.43458207467692,-0.411547356690187,-0.23440715863823
"BORR_00425",0,-0.497699848459965,0.0919789645941921,0.185207978194692,0.18935009021854,-0.841071363806045,-0.411547356690187,0.151602895919437
"BORR_00426",0,0.146117211113974,0.037832601224235,0.00771107355031319,0.0180652842540769,-3.43458207467692,0.00496758760456228,-0.253221305452448
"BORR_00427",0,0.146117211113974,0.037832601224235,0.00771107355031319,0.0180652842540769,1.51020054308605,-0.0800626615800131,0.312929674010676
"BORR_00428",0,-0.497699848459965,0.037832601224235,0.00771107355031319,-0.136391544057586,-3.43458207467692,0.00496758760456228,-0.253221305452448
"BORR_00429",0,-0.497699848459965,0.0919789645941921,0.00771107355031319,0.397035991516326,-3.43458207467692,0.00496758760456228,0.151602895919437
"BORR_00430",0,-0.497699848459965,0.037832601224235,0.638875188120734,-0.341800490445478,1.51020054308605,-0.411547356690187,-0.23440715863823
"BORR_00431",0,0.146117211113974,0.0919789645941921,0.00771107355031319,0.0180652842540769,-3.43458207467692,-0.0800626615800131,0.312929674010676
"BORR_00432",1,0.146117211113974,0.037832601224235,0.185207978194692,0.0180652842540769,1.51020054308605,-0.0729896135779528,0.435750503697017
"BORR_00433",0,0.146117211113974,0.037832601224235,-0.130337798744024,-0.719557128647638,-0.841071363806045,0.233660361580639,-0.253221305452448
"BORR_00434",0,0.146117211113974,0.0919789645941921,0.00771107355031319,0.0180652842540769,1.51020054308605,-0.300216674045857,0.151602895919437
"BORR_00435",0,-0.497699848459965,0.037832601224235,0.638875188120734,0.397035991516326,1.51020054308605,0.233660361580639,0.151602895919437
"BORR_00436",0,-0.0978146070384635,0.037832601224235,0.185207978194692,-0.136391544057586,-3.43458207467692,-0.0800626615800131,-0.852103784609621
"BORR_00437",0,-0.0978146070384635,0.037832601224235,0.185207978194692,0.0180652842540769,-3.43458207467692,-0.0729896135779528,-0.852103784609621
"BORR_00438",0,0.187914339792435,0.037832601224235,0.185207978194692,0.0180652842540769,-3.43458207467692,0.00496758760456228,-0.852103784609621
"BORR_00439",0,0.187914339792435,0.037832601224235,0.00771107355031319,-0.341800490445478,-3.43458207467692,-0.0800626615800131,0.312929674010676
"BORR_00440",0,0.146117211113974,-0.44318444163337,0.00771107355031319,0.397035991516326,1.51020054308605,0.00496758760456228,0.151602895919437
"BORR_00441",0,0.146117211113974,0.037832601224235,0.00771107355031319,0.397035991516326,-0.841071363806045,0.00496758760456228,0.151602895919437
"BORR_00442",0,0.146117211113974,0.0919789645941921,0.00771107355031319,0.0180652842540769,-3.43458207467692,0.00496758760456228,-0.253221305452448
"BORR_00443",0,0.146117211113974,0.037832601224235,0.00771107355031319,-0.341800490445478,0.656293273311169,0.00496758760456228,0.151602895919437
"BORR_00444",0,0.146117211113974,-0.44318444163337,0.638875188120734,-0.341800490445478,-3.43458207467692,0.277145473520378,-0.23440715863823
"BORR_00445",0,0.146117211113974,0.0919789645941921,0.337310430883764,-0.341800490445478,-0.841071363806045,0.233660361580639,0.259859837233353
"BORR_00446",1,0.187914339792435,0.037832601224235,0.185207978194692,0.705083437480601,0.656293273311169,-0.0729896135779528,0.151602895919437
"BORR_00447",0,-0.497699848459965,0.037832601224235,0.185207978194692,-0.341800490445478,1.51020054308605,-0.0729896135779528,0.151602895919437
"BORR_00448",0,0.146117211113974,0.0919789645941921,0.185207978194692,-0.719557128647638,-3.43458207467692,0.00496758760456228,0.259859837233353
"BORR_00449",0,0.187914339792435,-0.44318444163337,0.638875188120734,-0.341800490445478,-3.43458207467692,0.00496758760456228,-0.253221305452448
"BORR_00450",0,-0.497699848459965,0.037832601224235,0.00771107355031319,0.18935009021854,-3.43458207467692,-0.0729896135779528,-0.23440715863823
"BORR_00451",0,0.146117211113974,0.037832601224235,0.185207978194692,-0.341800490445478,-3.43458207467692,0.277145473520378,-0.23440715863823
"BORR_00452",0,0.187914339792435,0.037832601224235,0.337310430883764,-0.136391544057586,-0.841071363806045,-0.0800626615800131,0.259859837233353
"BORR_00453",0,-0.0978146070384635,0.037832601224235,0.00771107355031319,-0.136391544057586,1.51020054308605,-0.300216674045857,0.151602895919437
"BORR_00454",0,0.146117211113974,0.0919789645941921,-0.507939202365253,0.0180652842540769,1.51020054308605,-0.0729896135779528,0.151602895919437
"BORR_00455",0,-0.497699848459965,0.037832601224235,0.337310430883764,0.397035991516326,-3.43458207467692,-0.0729896135779528,-0.592752218784067
"BORR_00456",0,0.146117211113974,-0.44318444163337,0.00771107355031319,0.0180652842540769,-3.43458207467692,0.00496758760456228,0.151602895919437
"BORR_00457",0,-0.497699848459965,0.0919789645941921,0.00771107355031319,0.0180652842540769,1.51020054308605,-0.0729896135779528,0.151602895919437
"BORR_00458",0,0.146117211113974,0.037832601224235,0.00771107355031319,0.0180652842540769,1.51020054308605,0.00496758760456228,-0.592752218784067
"BORR_00459",1,-0.497699848459965,0.037832601224235,0.00771107355031319,-0.136391544057586,-0.841071363806045,-0.0729896135779528,-0.592752218784067
"BORR_00460",1,0.146117211113974,0.037832601224235,0.337310430883764,-0.0141663669819817,1.51020054308605,0.00496758760456228,0.151602895919437
"BORR_00461",0,0.187914339792435,0.037832601224235,0.185207978194692,-0.341800490445478,-3.43458207467692,0.233660361580639,-0.23440715863823
"BORR_00462",0,0.146117211113974,0.0919789645941921,0.00771107355031319,-0.341800490445478,-3.43458207467692,0.00496758760456228,0.259859837233353
"BORR_00463",0,0.146117211113974,0.0919789645941921,0.185207978194692,0.0180652842540769,-0.841071363806045,0.288768313348371,0.151602895919437
"BORR_00464",0,0.146117211113974,-0.44318444163337,-0.507939202365253,-0.136391544057586,0.656293273311169,0.233660361580639,0.312929674010676
"BORR_00465",0,0.187914339792435,0.037832601224235,-1.38340793971915,-0.136391544057586,-0.841071363806045,-0.0800626615800131,0.151602895919437
"BORR_00466",0,-0.0978146070384635,0.037832601224235,0.00771107355031319,0.397035991516326,1.51020054308605,0.00496758760456228,-0.253221305452448
"BORR_00467",0,-0.497699848459965,0.0919789645941921,-1.38340793971915,0.0180652842540769,-0.841071363806045,-0.300216674045857,0.151602895919437
"BORR_00468",0,0.146117211113974,0.037832601224235,-0.54507874931471,0.0180652842540769,-3.43458207467692,-0.0729896135779528,-0.253221305452448
"BORR_00469",1,0.146117211113974,0.037832601224235,-0.507939202365253,0.18935009021854,1.51020054308605,0.277145473520378,0.151602895919437
"BORR_00470",0,-0.497699848459965,0.037832601224235,0.185207978194692,0.0180652842540769,0.656293273311169,0.288768313348371,-0.852103784609621
"BORR_00471",0,0.146117211113974,0.0919789645941921,0.185207978194692,0.18935009021854,-3.43458207467692,0.00496758760456228,0.435750503697017
"BORR_00472",0,0.146117211113974,0.037832601224235,0.185207978194692,-0.136391544057586,-0.841071363806045,0.277145473520378,-0.852103784609621
"BORR_00473",0,0.146117211113974,0.0919789645941921,-0.54507874931471,0.0180652842540769,-0.841071363806045,-0.411547356690187,-0.592752218784067
"BORR_00474",0,0.146117211113974,0.037832601224235,-0.54507874931471,-0.136391544057586,1.51020054308605,0.00496758760456228,0.151602895919437
"BORR_00475",0,0.146117211113974,0.037832601224235,-0.130337798744024,-0.0141663669819817,-3.43458207467692,0.00496758760456228,-0.852103784609621
"BORR_00476",0,-0.497699848459965,0.037832601224235,0.00771107355031319,-0.136391544057586,-3.43458207467692,0.00496758760456228,0.151602895919437
"BORR_00477",0,-0.0978146070384635,0.037832601224235,0.00771107355031319,0.0180652842540769,-0.841071363806045,-0.411547356690187,0.312929674010676
"BORR_00478",0,0.187914339792435,-0.44318444163337,-0.54507874931471,-0.341800490445478,-3.43458207467692,-0.0800626615800131,0.151602895919437
"BORR_00479",0,0.146117211113974,0.037832601224235,0.337310430883764,0.0180652842540769,-3.43458207467692,-0.411547356690187,0.259859837233353
"BORR_00480",0,0.146117211113974,0.037832601224235,0.00771107355031319,-0.136391544057586,1.51020054308605,0.288768313348371,-0.852103784609621
"BORR_00481",0,0.146117211113974,0.037832601224235,0.00771107355031319,-0.341800490445478,-3.43458207467692,0.233660361580639,-0.592752218784067
"BORR_00482",0,-0.0978146070384635,0.0919789645941921,0.00771107355031319,0.0180652842540769,-3.43458207467692,-0.0800626615800131,0.151602895919437
"BORR_00483",0,-0.497699848459965,0.037832601224235,0.00771107355031319,-0.341800490445478,1.51020054308605,-0.300216674045857,-0.852103784609621
"BORR_00484",0,0.146117211113974,0.0919789645941921,-0.130337798744024,0.0180652842540769,1.51020054308605,-0.411547356690187,-0.852103784609621
"BORR_00485",0,0.187914339792435,-0.44318444163337,0.00771107355031319,-0.341800490445478,-3.43458207467692,0.00496758760456228,0.312929674010676
"BORR_00486",1,0.187914339792435,0.037832601224235,-0.130337798744024,-0.136391544057586,0.656293273311169,-0.300216674045857,0.435750503697017
"BORR_00487",0,0.146117211113974,0.0919789645941921,-0.130337798744024,0.0180652842540769,-3.43458207467692,0.288768313348371,0.259859837233353
"BORR_00488",0,0.187914339792435,0.037832601224235,-0.507939202365253,0.0180652842540769,1.51020054308605,0.00496758760456228,0.435750503697017
"BORR_00489",0,-0.497699848459965,-0.44318444163337,0.00771107355031319,-0.0141663669819817,-0.841071363806045,-0.0800626615800131,0.151602895919437
"BORR_00490",0,0.146117211113974,0.0919789645941921,0.337310430883764,-0.341800490445478,-3.43458207467692,0.288768313348371,-0.852103784609621
"BORR_00491",0,-0.497699848459965,-0.44318444163337,0.185207978194692,0.0180652842540769,1.51020054308605,0.00496758760456228,0.435750503697017
"BORR_00492",0,0.187914339792435,0.037832601224235,0.638875188120734,0.0180652842540769,-3.43458207467692,0.00496758760456228,-0.592752218784067
"BORR_00493",0,0.146117211113974,0.037832601224235,-0.130337798744024,0.0180652842540769,-3.43458207467692,-0.0800626615800131,-0.592752218784067
"BORR_00494",0,0.146117211113974,0.037832601224235,-0.54507874931471,0.0180652842540769,1.51020054308605,0.233660361580639,-0.852103784609621
"BORR_00495",0,0.146117211113974,0.037832601224235,0.00771107355031319,-0.719557128647638,-3.43458207467692,0.233660361580639,0.312929674010676
"BORR_00496",0,-0.497699848459965,0.037832601224235,-0.54507874931471,0.0180652842540769,-3.43458207467692,0.288768313348371,-0.23440715863823
"BORR_00497",1,0.146117211113974,0.037832601224235,0.00771107355031319,-0.341800490445478,1.51020054308605,0.00496758760456228,0.259859837233353
"BORR_00498",0,-0.0978146070384635,0.037832601224235,0.185207978194692,-0.136391544057586,-3.43458207467692,0.288768313348371,-0.852103784609621
"BORR_00499",0,0.146117211113974,0.037832601224235,0.00771107355031319,-0.136391544057586,-0.841071363806045,0.277145473520378,-0.23440715863823
"BORR_00500",0,0.146117211113974,0.0919789645941921,0.00771107355031319,0.0180652842540769,0.656293273311169,0.233660361580639,0.151602895919437
"BORR_00501",0,0.146117211113974,0.037832601224235,-0.507939202365253,-0.341800490445478,-0.841071363806045,-0.0729896135779528,0.151602895919437
"BORR_00502",0,0.146117211113974,0.037832601224235,0.185207978194692,-0.136391544057586,-3.43458207467692,-0.0729896135779528,0.151602895919437
"BORR_00503",0,0.146117211113974,0.037832601224235,0.185207978194692,-0.0141663669819817,1.51020054308605,0.00496758760456228,-0.592752218784067
"BORR_00504",0,-0.0978146070384635,0.037832601224235,0.00771107355031319,0.0180652842540769,-0.841071363806045,-0.411547356690187,-0.253221305452448
"BORR_00505",0,0.187914339792435,0.037832601224235,-1.38340793971915,0.0180652842540769,-3.43458207467692,0.277145473520378,0.435750503697017
"BORR_00506",0,0.187914339792435,0.037832601224235,0.00771107355031319,0.0180652842540769,-3.43458207467692,-0.0800626615800131,0.435750503697017
"BORR_00507",0,0.146117211113974,0.0919789645941921,-0.130337798744024,0.0180652842540769,0.656293273311169,-0.0800626615800131,-0.253221305452448
"BORR_00508",0,0.146117211113974,0.037832601224235,0.00771107355031319,-0.136391544057586,0.656293273311169,-0.0800626615800131,-0.253221305452448
"BORR_00509",0,-0.0978146070384635,0.0919789645941921,0.337310430883764,0.705083437480601,-3.43458207467692,0.233660361580639,-0.23440715863823
"BORR_00510",0,0.146117211113974,0.0919789645941921,0.337310430883764,-0.341800490445478,1.51020054308605,0.277145473520378,0.151602895919437
"BORR_00511",0,0.146117211113974,-0.44318444163337,0.185207978194692,-0.341800490445478,-3.43458207467692,-0.300216674045857,0.151602895919437
"BORR_00512",0,0.146117211113974,0.037832601224235,-1.38340793971915,0.397035991516326,-0.841071363806045,-0.0800626615800131,0.151602895919437
"BORR_00513",0,-0.497699848459965,0.037832601224235,0.00771107355031319,0.18935009021854,-3.43458207467692,0.00496758760456228,0.151602895919437
"BORR_00514",0,-0.0978146070384635,0.037832601224235,-0.130337798744024,0.0180652842540769,-0.841071363806045,0.277145473520378,0.151602895919437
"BORR_00515",0,0.146117211113974,0.037832601224235,-0.130337798744024,-0.136391544057586,1.51020054308605,0.288768313348371,0.259859837233353
"BORR_00516",0,0.146117211113974,0.037832601224235,0.185207978194692,0.397035991516326,-0.841071363806045,0.288768313348371,0.151602895919437
"BORR_00517",0,0.187914339792435,0.037832601224235,0.185207978194692,-0.341800490445478,-3.43458207467692,-0.0729896135779528,0.151602895919437
"BORR_00518",0,0.146117211113974,0.037832601224235,-0.507939202365253,-0.136391544057586,-3.43458207467692,0.00496758760456228,0.151602895919437
"BORR_00519",0,-0.497699848459965,0.037832601224235,-0.130337798744024,0.0180652842540769,-3.43458207467692,-0.300216674045857,-0.23440715863823
"BORR_00520",0,-0.497699848459965,0.037832601224235,-0.507939202365253,0.705083437480601,-3.43458207467692,0.00496758760456228,-0.23440715863823
"BORR_00521",1,0.146117211113974,0.037832601224235,0.185207978194692,0.18935009021854,1.51020054308605,0.00496758760456228,0.259859837233353
"BORR_00522",0,-0.0978146070384635,0.037832601224235,-0.507939202365253,0.397035991516326,-3.43458207467692,0.00496758760456228,0.151602895919437
"BORR_00523",1,0.146117211113974,0.037832601224235,0.185207978194692,-0.136391544057586,1.51020054308605,0.233660361580639,0.435750503697017
"BORR_00524",0,0.146117211113974,0.037832601224235,-0.507939202365253,-0.719557128647638,-3.43458207467692,0.277145473520378,0.151602895919437
"BORR_00525",0,-0.0978146070384635,0.037832601224235,0.337310430883764,0.0180652842540769,-3.43458207467692,-0.0800626615800131,0.151602895919437
"BORR_00526",0,0.146117211113974,0.0919789645941921,0.185207978194692,0.0180652842540769,-3.43458207467692,-0.0729896135779528,-0.253221305452448
"BORR_00527",1,0.146117211113974,0.037832601224235,0.185207978194692,0.0180652842540769,1.51020054308605,0.288768313348371,0.312929674010676
"BORR_00528",0,0.146117211113974,0.037832601224235,0.00771107355031319,0.0180652842540769,1.51020054308605,0.277145473520378,-0.23440715863823
"BORR_00529",0,-0.0978146070384635,0.0919789645941921,-0.507939202365253,-0.136391544057586,-0.841071363806045,-0.0729896135779528,0.312929674010676
"BORR_00530",0,0.187914339792435,0.037832601224235,-0.130337798744024,-0.136391544057586,-3.43458207467692,0.288768313348371,-0.23440715863823
"BORR_00531",0,0.146117211113974,0.037832601224235,0.00771107355031319,0.397035991516326,-0.841071363806045,-0.411547356690187,0.151602895919437
"BORR_00532",0,-0.0978146070384635,-0.44318444163337,-0.507939202365253,-0.0141663669819817,-3.43458207467692,0.00496758760456228,0.312929674010676
"BORR_00533",0,0.146117211113974,-0.44318444163337,-0.130337798744024,0.0180652842540769,-3.43458207467692,0.00496758760456228,0.151602895919437
"BORR_00534",1,0.146117211113974,0.037832601224235,0.00771107355031319,0.0180652842540769,-0.841071363806045,-0.300216674045857,-0.23440715863823
"BORR_00535",0,0.146117211113974,0.037832601224235,-0.54507874931471,-0.136391544057586,1.51020054308605,-0.0729896135779528,0.151602895919437
"BORR_00536",0,-0.497699848459965,0.037832601224235,0.185207978194692,0.705083437480601,-0.841071363806045,-0.0800626615800131,-0.592752218784067
"BORR_00537",0,0.146117211113974,0.037832601224235,0.337310430883764,-0.136391544057586,1.51020054308605,-0.0729896135779528,-0.23440715863823
"BORR_00538",0,-0.0978146070384635,0.037832601224235,0.337310430883764,-0.341800490445478,1.51020054308605,0.00496758760456228,-0.592752218784067
"BORR_00539",0,0.146117211113974,-0.44318444163337,0.185207978194692,0.18935009021854,0.656293273311169,0.00496758760456228,0.151602895919437
"BORR_00540",0,-0.0978146070384635,0.037832601224235,0.337310430883764,0.0180652842540769,-0.841071363806045,-0.411547356690187,0.435750503697017
"BORR_00541",0,0.146117211113974,0.037832601224235,0.337310430883764,0.18935009021854,-3.43458207467692,-0.0800626615800131,0.435750503697017
"BORR_00542",0,0.146117211113974,0.037832601224235,0.00771107355031319,-0.341800490445478,-0.841071363806045,-0.0800626615800131,0.312929674010676
"BORR_00543",0,0.146117211113974,0.0919789645941921,0.00771107355031319,-0.136391544057586,-3.43458207467692,-0.0729896135779528,-0.852103784609621
"BORR_00544",0,0.146117211113974,0.037832601224235,0.00771107355031319,0.397035991516326,-3.43458207467692,0.233660361580639,-0.592752218784067
"BORR_00545",0,-0.497699848459965,0.0919789645941921,-1.38340793971915,0.397035991516326,-3.43458207467692,-0.0729896135779528,0.151602895919437
"BORR_00546",0,0.146117211113974,0.037832601224235,0.185207978194692,-0.341800490445478,-3.43458207467692,-0.300216674045857,-0.253221305452448
"BORR_00547",1,0.146117211113974,0.037832601224235,0.00771107355031319,0.705083437480601,1.51020054308605,0.277145473520378,0.151602895919437
"BORR_00548",0,0.146117211113974,0.037832601224235,-1.38340793971915,0.0180652842540769,-3.43458207467692,-0.0800626615800131,0.151602895919437
"BORR_00549",0,-0.497699848459965,0.0919789645941921,0.337310430883764,-0.719557128647638,-3.43458207467692,0.00496758760456228,0.435750503697017
"BORR_00550",0,0.146117211113974,0.037832601224235,0.185207978194692,-0.0141663669819817,-3.43458207467692,0.00496758760456228,-0.253221305452448
"BORR_00551",0,0.146117211113974,0.037832601224235,0.337310430883764,0.0180652842540769,-3.43458207467692,0.277145473520378,0.151602895919437
"BORR_00552",0,-0.0978146070384635,-0.44318444163337,0.185207978194692,0.0180652842540769,0.656293273311169,0.233660361580639,0.151602895919437
"BORR_00553",0,-0.497699848459965,0.037832601224235,0.00771107355031319,-0.341800490445478,-3.43458207467692,-0.0729896135779528,0.259859837233353
"BORR_00554",0,-0.497699848459965,0.037832601224235,0.638875188120734,0.705083437480601,-0.841071363806045,-0.0800626615800131,0.151602895919437
"BORR_00555",0,0.146117211113974,0.037832601224235,-0.507939202365253,-0.341800490445478,-0.841071363806045,-0.0729896135779528,0.259859837233353
"BORR_00556",0,0.146117211113974,0.0919789645941921,0.00771107355031319,0.705083437480601,-3.43458207467692,0.00496758760456228,-0.592752218784067
"BORR_00557",0,0.146117211113974,0.037832601224235,0.00771107355031319,0.705083437480601,1.51020054308605,-0.0729896135779528,-0.592752218784067
"BORR_00558",0,0.146117211113974,-0.44318444163337,0.00771107355031319,0.18935009021854,-3.43458207467692,-0.0729896135779528,0.151602895919437
"BORR_00559",0,-0.497699848459965,0.037832601224235,-0.130337798744024,0.0180652842540769,-0.841071363806045,-0.0729896135779528,0.151602895919437
"BORR_00560",0,-0.497699848459965,0.037832601224235,-0.130337798744024,-0.719557128647638,-0.841071363806045,0.00496758760456228,-0.253221305452448
"BORR_00561",0,0.146117211113974,0.037832601224235,-0.54507874931471,-0.0141663669819817,-3.43458207467692,0.00496758760456228,-0.253221305452448
"BORR_00562",0,-0.497699848459965,0.037832601224235,-0.507939202365253,0.397035991516326,-3.43458207467692,-0.0729896135779528,0.151602895919437
"BORR_00563",0,-0.497699848459965,0.037832601224235,0.337310430883764,0.0180652842540769,-3.43458207467692,-0.0800626615800131,0.151602895919437
"BORR_00564",0,-0.497699848459965,-0.44318444163337,0.00771107355031319,0.0180652842540769,0.656293273311169,-0.0729896135779528,0.151602895919437
"BORR_00565",0,0.146117211113974,0.037832601224235,-0.54507874931471,-0.719557128647638,-3.43458207467692,-0.0800626615800131,-0.23440715863823
"BORR_00566",0,-0.0978146070384635,0.0919789645941921,0.638875188120734,-0.136391544057586,-0.841071363806045,-0.0729896135779528,-0.852103784609621
"BORR_00567",0,0.146117211113974,0.037832601224235,0.337310430883764,-0.0141663669819817,-0.841071363806045,-0.0729896135779528,0.435750503697017
"BORR_00568",1,-0.497699848459965,0.0919789645941921,0.185207978194692,-0.341800490445478,1.51020054308605,0.233660361580639,-0.23440715863823
"BORR_00569",0,-0.0978146070384635,0.037832601224235,0.00771107355031319,-0.341800490445478,-3.43458207467692,-0.0800626615800131,-0.852103784609621
"BORR_00570",0,-0.0978146070384635,0.037832601224235,0.00771107355031319,0.0180652842540769,-3.43458207467692,-0.0729896135779528,0.312929674010676
"BORR_00571",0,-0.0978146070384635,0.0919789645941921,-0.130337798744024,0.0180652842540769,-3.43458207467692,0.00496758760456228,0.151602895919437
"BORR_00572",0,0.146117211113974,0.037832601224235,-0.130337798744024,-0.136391544057586,0.656293273311169,-0.0729896135779528,0.151602895919437
"BORR_00573",0,-0.497699848459965,0.037832601224235,0.00771107355031319,-0.719557128647638,-3.43458207467692,0.288768313348371,0.151602895919437
"BORR_00574",0,0.146117211113974,0.037832601224235,0.00771107355031319,-0.719557128647638,0.656293273311169,0.277145473520378,-0.253221305452448
"BORR_00575",0,-0.497699848459965,0.037832601224235,0.337310430883764,-0.136391544057586,1.51020054308605,-0.0729896135779528,-0.852103784609621
"BORR_00576",0,0.146117211113974,0.037832601224235,0.00771107355031319,-0.341800490445478,-0.841071363806045,-0.411547356690187,-0.23440715863823
"BORR_00577",0,-0.497699848459965,0.037832601224235,-0.130337798744024,0.0180652842540769,-3.43458207467692,0.288768313348371,0.151602895919437
"BORR_00578",0,0.187914339792435,0.037832601224235,0.00771107355031319,0.0180652842540769,-0.841071363806045,-0.300216674045857,0.151602895919437
"BORR_00579",0,0.146117211113974,-0.44318444163337,-0.507939202365253,0.705083437480601,-3.43458207467692,-0.0729896135779528,0.151602895919437
"BORR_00580",0,-0.0978146070384635,0.037832601224235,0.337310430883764,0.18935009021854,-0.841071363806045,-0.0800626615800131,0.259859837233353
"BORR_00581",0,0.146117211113974,0.037832601224235,0.00771107355031319,-0.136391544057586,-0.841071363806045,0.277145473520378,0.151602895919437
"BORR_00582",1,-0.497699848459965,0.037832601224235,0.185207978194692,-0.136391544057586,1.51020054308605,0.00496758760456228,0.151602895919437
"BORR_00583",0,0.146117211113974,-0.44318444163337,0.00771107355031319,-0.136391544057586,-3.43458207467692,-0.0800626615800131,-0.852103784609621
"BORR_00584",0,-0.497699848459965,0.037832601224235,-0.507939202365253,-0.136391544057586,-3.43458207467692,0.277145473520378,0.151602895919437
"BORR_00585",0,-0.497699848459965,0.037832601224235,0.00771107355031319,-0.719557128647638,-3.43458207467692,-0.0729896135779528,-0.592752218784067
"BORR_00586",1,0.146117211113974,0.037832601224235,0.337310430883764,0.0180652842540769,0.656293273311169,0.00496758760456228,0.151602895919437
"BORR_00587",0,0.146117211113974,0.037832601224235,-1.38340793971915,-0.136391544057586,-3.43458207467692,-0.411547356690187,-0.852103784609621
"BORR_00588",0,0.146117211113974,0.037832601224235,-0.54507874931471,-0.341800490445478,-3.43458207467692,0.00496758760456228,0.259859837233353
"BORR_00589",0,0.146117211113974,0.037832601224235,0.185207978194692,0.0180652842540769,-3.43458207467692,0.00496758760456228,-0.253221305452448
"BORR_00590",0,-0.497699848459965,0.037832601224235,0.185207978194692,-0.719557128647638,-3.43458207467692,-0.0800626615800131,0.259859837233353
"BORR_00591",0,0.146117211113974,0.037832601224235,0.337310430883764,-0.136391544057586,-3.43458207467692,-0.411547356690187,0.312929674010676
"BORR_00592",0,0.187914339792435,0.037832601224235,0.638875188120734,0.0180652842540769,-3.43458207467692,0.277145473520378,-0.253221305452448
"BORR_00593",0,0.146117211113974,0.037832601224235,0.00771107355031319,-0.0141663669819817,1.51020054308605,0.00496758760456228,-0.23440715863823
"BORR_00594",0,-0.497699848459965,-0.44318444163337,0.00771107355031319,0.18935009021854,-3.43458207467692,-0.300216674045857,0.312929674010676
"BORR_00595",0,0.146117211113974,0.037832601224235,0.00771107355031319,-0.341800490445478,-3.43458207467692,-0.0800626615800131,0.435750503697017
"BORR_00596",0,0.146117211113974,-0.44318444163337,-0.130337798744024,-0.136391544057586,-3.43458207467692,0.288768313348371,0.435750503697017
"BORR_00597",0,-0.0978146070384635,-0.44318444163337,-1.38340793971915,0.0180652842540769,-3.43458207467692,-0.0729896135779528,0.151602895919437
"BORR_00598",0,-0.497699848459965,0.037832601224235,0.337310430883764,0.705083437480601,-3.43458207467692,-0.411547356690187,-0.23440715863823
"BORR_00599",0,0.146117211113974,0.037832601224235,-0.130337798744024,0.0180652842540769,-0.841071363806045,-0.0729896135779528,-0.852103784609621
"BORR_00600",0,-0.0978146070384635,0.037832601224235,0.00771107355031319,-0.0141663669819817,-3.43458207467692,-0.0800626615800131,-0.852103784609621
"BORR_00601",0,-0.0978146070384635,0.037832601224235,-0.130337798744024,-0.0141663669819817,-3.43458207467692,-0.411547356690187,0.151602895919437
"BORR_00602",0,-0.0978146070384635,0.037832601224235,0.00771107355031319,-0.136391544057586,0.656293273311169,-0.0729896135779528,-0.592752218784067
"BORR_00603",0,0.146117211113974,0.037832601224235,0.00771107355031319,0.0180652842540769,-3.43458207467692,0.00496758760456228,0.151602895919437
"BORR_00604",0,-0.497699848459965,0.037832601224235,0.00771107355031319,0.0180652842540769,1.51020054308605,-0.0800626615800131,-0.23440715863823
"BORR_00605",0,0.146117211113974,0.0919789645941921,0.00771107355031319,-0.0141663669819817,-3.43458207467692,0.00496758760456228,0.151602895919437
"BORR_00606",0,-0.0978146070384635,0.037832601224235,-0.130337798744024,0.0180652842540769,1.51020054308605,-0.0729896135779528,-0.253221305452448
"BORR_00607",0,0.146117211113974,0.0919789645941921,0.00771107355031319,-0.136391544057586,1.51020054308605,-0.300216674045857,0.151602895919437
"BORR_00608",0,-0.497699848459965,0.037832601224235,0.00771107355031319,-0.341800490445478,-3.43458207467692,0.00496758760456228,0.151602895919437
"BORR_00609",0,0.146117211113974,-0.44318444163337,0.00771107355031319,-0.136391544057586,-0.841071363806045,-0.300216674045857,-0.253221305452448
"BORR_00610",0,0.146117211113974,0.037832601224235,-0.54507874931471,0.397035991516326,-3.43458207467692,0.00496758760456228,-0.592752218784067
"BORR_00611",0,-0.0978146070384635,0.037832601224235,-0.130337798744024,0.0180652842540769,-0.841071363806045,0.00496758760456228,0.151602895919437
"BORR_00612",0,0.146117211113974,0.0919789645941921,0.337310430883764,0.397035991516326,-3.43458207467692,-0.0800626615800131,0.259859837233353
"BORR_00613",0,0.187914339792435,0.037832601224235,0.00771107355031319,0.0180652842540769,-3.43458207467692,-0.0800626615800131,0.151602895919437
"BORR_00614",0,0.187914339792435,0.037832601224235,0.638875188120734,-0.136391544057586,-0.841071363806045,-0.411547356690187,0.312929674010676
"BORR_00615",0,0.146117211113974,-0.44318444163337,0.00771107355031319,0.0180652842540769,0.656293273311169,0.277145473520378,-0.23440715863823
"BORR_00616",0,0.146117211113974,0.037832601224235,0.185207978194692,-0.341800490445478,0.656293273311169,0.277145473520378,0.151602895919437
"BORR_00617",0,0.146117211113974,0.037832601224235,-0.130337798744024,0.0180652842540769,-3.43458207467692,0.277145473520378,0.259859837233353
"BORR_00618",0,-0.497699848459965,0.0919789645941921,0.638875188120734,0.18935009021854,-3.43458207467692,-0.0729896135779528,0.151602895919437
"BORR_00619",1,-0.0978146070384635,-0.44318444163337,0.00771107355031319,-0.136391544057586,0.656293273311169,0.233660361580639,-0.852103784609621
"BORR_00620",0,0.146117211113974,0.0919789645941921,-0.130337798744024,-0.341800490445478,-0.841071363806045,0.00496758760456228,0.312929674010676
"BORR_00621",0,0.187914339792435,0.037832601224235,0.00771107355031319,-0.341800490445478,-3.43458207467692,0.00496758760456228,-0.253221305452448
"BORR_00622",0,-0.497699848459965,0.0919789645941921,0.00771107355031319,-0.719557128647638,-3.43458207467692,-0.0729896135779528,0.435750503697017
"BORR_00623",0,-0.497699848459965,0.037832601224235,0.00771107355031319,-0.341800490445478,-0.841071363806045,0.00496758760456228,0.435750503697017
"BORR_00624",0,-0.0978146070384635,0.0919789645941921,0.00771107355031319,0.0180652842540769,-3.43458207467692,-0.0800626615800131,0.151602895919437
"BORR_00625",0,0.146117211113974,0.037832601224235,-0.54507874931471,0.0180652842540769,-0.841071363806045,-0.300216674045857,-0.23440715863823
"BORR_00626",1,0.146117211113974,0.0919789645941921,0.337310430883764,0.18935009021854,1.51020054308605,-0.0729896135779528,0.259859837233353
"BORR_00627",0,0.187914339792435,-0.44318444163337,0.185207978194692,0.18935009021854,-3.43458207467692,-0.0729896135779528,-0.592752218784067
"BORR_00628",0,0.146117211113974,0.037832601224235,0.00771107355031319,0.0180652842540769,-0.841071363806045,-0.0729896135779528,-0.253221305452448
"BORR_00629",0,-0.0978146070384635,0.0919789645941921,-0.130337798744024,0.0180652842540769,-3.43458207467692,0.00496758760456228,0.151602895919437
"BORR_00630",0,0.146117211113974,0.0919789645941921,0.00771107355031319,-0.719557128647638,-3.43458207467692,0.00496758760456228,0.151602895919437
"BORR_00631",0,-0.497699848459965,0.037832601224235,0.00771107355031319,0.705083437480601,1.51020054308605,-0.0729896135779528,0.151602895919437
"BORR_00632",0,0.146117211113974,-0.44318444163337,0.638875188120734,0.0180652842540769,-3.43458207467692,0.00496758760456228,0.151602895919437
"BORR_00633",0,0.146117211113974,0.037832601224235,0.185207978194692,0.705083437480601,-3.43458207467692,0.233660361580639,0.151602895919437
"BORR_00634",0,0.146117211113974,0.0919789645941921,0.00771107355031319,-0.136391544057586,1.51020054308605,0.233660361580639,0.259859837233353
"BORR_00635",0,-0.0978146070384635,0.0919789645941921,0.00771107355031319,0.705083437480601,-3.43458207467692,0.00496758760456228,0.435750503697017
"BORR_00636",0,0.146117211113974,0.0919789645941921,-0.130337798744024,0.18935009021854,-0.841071363806045,-0.411547356690187,0.151602895919437
"BORR_00637",0,-0.497699848459965,0.037832601224235,0.185207978194692,0.705083437480601,-3.43458207467692,-0.411547356690187,-0.852103784609621
"BORR_00638",0,0.146117211113974,0.037832601224235,0.638875188120734,0.18935009021854,1.51020054308605,-0.0800626615800131,0.151602895919437
"BORR_00639",0,0.187914339792435,0.037832601224235,-0.54507874931471,-0.136391544057586,1.51020054308605,-0.0729896135779528,-0.23440715863823
"BORR_00640",0,0.146117211113974,-0.44318444163337,0.00771107355031319,0.0180652842540769,-0.841071363806045,-0.0800626615800131,0.435750503697017
"BORR_00641",0,-0.497699848459965,0.037832601224235,-0.130337798744024,-0.341800490445478,-3.43458207467692,-0.0729896135779528,0.259859837233353
"BORR_00642",0,0.146117211113974,0.037832601224235,-1.38340793971915,0.0180652842540769,-3.43458207467692,-0.0800626615800131,0.312929674010676
"BORR_00643",0,-0.497699848459965,0.0919789645941921,0.185207978194692,0.0180652842540769,-3.43458207467692,-0.300216674045857,0.151602895919437
"BORR_00644",1,0.146117211113974,0.037832601224235,0.00771107355031319,-0.136391544057586,1.51020054308605,0.277145473520378,0.259859837233353
"BORR_00645",0,-0.0978146070384635,0.037832601224235,0.00771107355031319,0.0180652842540769,-3.43458207467692,-0.0800626615800131,-0.253221305452448
"BORR_00646",0,0.146117211113974,0.037832601224235,0.00771107355031319,0.18935009021854,-0.841071363806045,0.00496758760456228,-0.23440715863823
"BORR_00647",0,0.146117211113974,-0.44318444163337,-0.54507874931471,0.0180652842540769,-0.841071363806045,-0.300216674045857,0.151602895919437
"BORR_00648",0,0.187914339792435,0.037832601224235,-0.507939202365253,0.0180652842540769,-3.43458207467692,-0.0800626615800131,-0.592752218784067
"BORR_00649",0,0.187914339792435,0.037832601224235,0.185207978194692,0.0180652842540769,0.656293273311169,-0.0729896135779528,-0.23440715863823
"BORR_00650",0,-0.497699848459965,0.037832601224235,-0.507939202365253,-0.341800490445478,-3.43458207467692,-0.0729896135779528,-0.253221305452448
"BORR_00651",0,0.146117211113974,0.037832601224235,0.00771107355031319,0.397035991516326,-0.841071363806045,-0.300216674045857,0.151602895919437
"BORR_00652",0,0.146117211113974,0.037832601224235,0.185207978194692,0.18935009021854,-3.43458207467692,-0.300216674045857,0.151602895919437
"BORR_00653",0,0.146117211113974,0.037832601224235,0.00771107355031319,0.0180652842540769,-3.43458207467692,0.00496758760456228,0.435750503697017
"BORR_00654",0,0.146117211113974,0.037832601224235,0.00771107355031319,-0.0141663669819817,-3.43458207467692,0.288768313348371,0.151602895919437
"BORR_00655",0,-0.0978146070384635,0.0919789645941921,-0.130337798744024,-0.136391544057586,1.51020054308605,0.277145473520378,0.151602895919437
"BORR_00656",1,0.146117211113974,0.037832601224235,0.00771107355031319,-0.136391544057586,0.656293273311169,-0.0729896135779528,0.151602895919437
"BORR_00657",0,0.146117211113974,0.0919789645941921,0.185207978194692,0.705083437480601,-3.43458207467692,-0.0800626615800131,0.151602895919437
"BORR_00658",0,0.146117211113974,0.037832601224235,-0.507939202365253,-0.341800490445478,1.51020054308605,0.277145473520378,0.151602895919437
"BORR_00659",0,0.146117211113974,0.0919789645941921,0.00771107355031319,0.0180652842540769,1.51020054308605,-0.0729896135779528,0.312929674010676
"BORR_00660",0,0.146117211113974,0.0919789645941921,0.185207978194692,-0.136391544057586,-0.841071363806045,0.00496758760456228,0.151602895919437
"BORR_00661",0,-0.497699848459965,0.037832601224235,-0.54507874931471,-0.136391544057586,0.656293273311169,-0.0800626615800131,0.151602895919437
"BORR_00662",0,-0.497699848459965,0.037832601224235,-0.54507874931471,-0.136391544057586,-3.43458207467692,0.00496758760456228,0.151602895919437
"BORR_00663",0,-0.497699848459965,0.037832601224235,-0.54507874931471,-0.136391544057586,-3.43458207467692,0.233660361580639,0.312929674010676
"BORR_00664",0,-0.0978146070384635,0.037832601224235,0.185207978194692,0.0180652842540769,-3.43458207467692,-0.0800626615800131,-0.852103784609621
"BORR_00665",0,0.146117211113974,-0.44318444163337,0.00771107355031319,-0.136391544057586,-0.841071363806045,-0.300216674045857,-0.852103784609621
"BORR_00666",0,0.146117211113974,0.0919789645941921,-0.54507874931471,-0.341800490445478,-3.43458207467692,0.233660361580639,0.151602895919437
"BORR_00667",0,0.146117211113974,0.037832601224235,0.185207978194692,-0.0141663669819817,-3.43458207467692,0.00496758760456228,-0.253221305452448
"BORR_00668",0,-0.497699848459965,0.037832601224235,0.185207978194692,0.397035991516326,-3.43458207467692,-0.0729896135779528,-0.592752218784067
"BORR_00669",0,-0.497699848459965,0.0919789645941921,0.00771107355031319,-0.136391544057586,-3.43458207467692,0.233660361580639,0.151602895919437
"BORR_00670",0,-0.497699848459965,0.037832601224235,0.00771107355031319,-0.136391544057586,-3.43458207467692,0.00496758760456228,-0.23440715863823
"BORR_00671",1,0.146117211113974,0.037832601224235,0.185207978194692,0.705083437480601,1.51020054308605,0.00496758760456228,-0.253221305452448
"BORR_00672",0,0.146117211113974,-0.44318444163337,0.00771107355031319,0.18935009021854,-3.43458207467692,0.00496758760456228,-0.852103784609621
"BORR_00673",0,-0.497699848459965,0.037832601224235,0.185207978194692,-0.136391544057586,-3.43458207467692,0.00496758760456228,-0.253221305452448
"BORR_00674",0,-0.497699848459965,0.037832601224235,0.185207978194692,0.0180652842540769,-3.43458207467692,-0.0800626615800131,0.312929674010676
"BORR_00675",0,0.146117211113974,0.037832601224235,-0.54507874931471,0.397035991516326,-3.43458207467692,0.00496758760456228,0.151602895919437
"BORR_00676",0,0.187914339792435,-0.44318444163337,0.185207978194692,0.18935009021854,1.51020054308605,0.288768313348371,-0.592752218784067
"BORR_00677",0,0.187914339792435,0.037832601224235,0.185207978194692,0.397035991516326,-3.43458207467692,0.00496758760456228,0.151602895919437
"BORR_00678",0,-0.497699848459965,0.037832601224235,0.00771107355031319,0.0180652842540769,-3.43458207467692,0.00496758760456228,-0.253221305452448
"BORR_00679",0,-0.497699848459965,0.037832601224235,0.00771107355031319,0.18935009021854,0.656293273311169,0.277145473520378,0.151602895919437
"BORR_00680",0,-0.0978146070384635,0.037832601224235,-0.54507874931471,-0.136391544057586,1.51020054308605,0.00496758760456228,-0.253221305452448
"BORR_00681",1,-0.0978146070384635,0.037832601224235,0.00771107355031319,-0.341800490445478,-0.841071363806045,-0.0800626615800131,0.435750503697017
"BORR_00682",1,-0.0978146070384635,0.0919789645941921,0.00771107355031319,-0.136391544057586,1.51020054308605,0.277145473520378,0.435750503697017
"BORR_00683",0,0.146117211113974,0.037832601224235,0.00771107355031319,0.0180652842540769,1.51020054308605,0.233660361580639,0.151602895919437
"BORR_00684",0,-0.497699848459965,-0.44318444163337,0.337310430883764,0.0180652842540769,-3.43458207467692,0.00496758760456228,0.435750503697017
"BORR_00685",0,-0.0978146070384635,0.037832601224235,0.00771107355031319,-0.341800490445478,1.51020054308605,-0.0800626615800131,-0.253221305452448
"BORR_00686",0,0.146117211113974,0.037832601224235,0.00771107355031319,0.0180652842540769,-3.43458207467692,-0.0729896135779528,0.151602895919437
"BORR_00687",0,-0.0978146070384635,0.037832601224235,-0.507939202365253,-0.136391544057586,-3.43458207467692,-0.411547356690187,-0.592752218784067
"BORR_00688",0,0.146117211113974,0.037832601224235,0.185207978194692,0.0180652842540769,-3.43458207467692,0.00496758760456228,0.151602895919437
"BORR_00689",0,0.146117211113974,0.037832601224235,-0.507939202365253,0.0180652842540769,0.656293273311169,0.277145473520378,0.435750503697017
"BORR_00690",0,-0.0978146070384635,0.037832601224235,0.00771107355031319,0.0180652842540769,-3.43458207467692,0.00496758760456228,0.151602895919437
"BORR_00691",0,0.146117211113974,0.037832601224235,0.00771107355031319,-0.136391544057586,-3.43458207467692,0.00496758760456228,0.151602895919437
"BORR_00692",0,0.146117211113974,0.037832601224235,0.337310430883764,0.0180652842540769,1.51020054308605,-0.411547356690187,-0.253221305452448
"BORR_00693",0,0.146117211113974,0.037832601224235,0.185207978194692,-0.0141663669819817,1.51020054308605,0.277145473520378,-0.592752218784067
"BORR_00694",0,-0.0978146070384635,0.0919789645941921,0.185207978194692,0.0180652842540769,-3.43458207467692,0.00496758760456228,0.151602895919437
"BORR_00695",1,0.146117211113974,-0.44318444163337,0.00771107355031319,-0.136391544057586,1.51020054308605,0.00496758760456228,-0.23440715863823
"BORR_00696",0,0.146117211113974,0.037832601224235,0.185207978194692,0.0180652842540769,-3.43458207467692,0.00496758760456228,0.151602895919437
"BORR_00697",0,0.146117211113974,0.037832601224235,0.337310430883764,0.0180652842540769,1.51020054308605,-0.0800626615800131,0.151602895919437
"BORR_00698",0,0.146117211113974,0.037832601224235,0.00771107355031319,0.0180652842540769,1.51020054308605,0.00496758760456228,0.259859837233353
"BORR_00699",0,0.146117211113974,0.037832601224235,-0.507939202365253,0.18935009021854,-3.43458207467692,-0.411547356690187,0.151602895919437
"BORR_00700",0,0.146117211113974,0.037832601224235,0.185207978194692,0.705083437480601,-3.43458207467692,-0.0729896135779528,-0.23440715863823
"BORR_00701",0,-0.497699848459965,0.0919789645941921,0.00771107355031319,0.0180652842540769,-0.841071363806045,0.00496758760456228,0.259859837233353
"BORR_00702",0,-0.0978146070384635,0.037832601224235,-0.507939202365253,0.0180652842540769,-3.43458207467692,-0.0800626615800131,-0.852103784609621
"BORR_00703",0,0.146117211113974,0.037832601224235,0.00771107355031319,-0.341800490445478,0.656293273311169,0.00496758760456228,0.312929674010676
"BORR_00704",0,-0.497699848459965,-0.44318444163337,0.00771107355031319,0.18935009021854,-3.43458207467692,-0.0729896135779528,0.151602895919437
"BORR_00705",0,-0.497699848459965,0.037832601224235,0.00771107355031319,-0.341800490445478,-0.841071363806045,0.00496758760456228,0.435750503697017
"BORR_00706",0,0.146117211113974,-0.44318444163337,0.00771107355031319,-0.136391544057586,-3.43458207467692,0.233660361580639,0.435750503697017
"BORR_00707",0,0.146117211113974,0.037832601224235,-0.54507874931471,-0.719557128647638,-3.43458207467692,-0.411547356690187,0.151602895919437
"BORR_00708",0,-0.497699848459965,0.037832601224235,-1.38340793971915,0.0180652842540769,-0.841071363806045,0.00496758760456228,-0.253221305452448
"BORR_00709",0,0.146117211113974,0.037832601224235,0.00771107355031319,-0.136391544057586,-0.841071363806045,-0.300216674045857,-0.852103784609621
"BORR_00710",0,0.146117211113974,0.037832601224235,0.00771107355031319,0.18935009021854,-3.43458207467692,0.233660361580639,0.259859837233353
"BORR_00711",0,-0.0978146070384635,0.037832601224235,0.337310430883764,-0.136391544057586,-3.43458207467692,0.00496758760456228,0.259859837233353
"BORR_00712",1,-0.497699848459965,0.037832601224235,0.337310430883764,0.397035991516326,-0.841071363806045,-0.0800626615800131,0.151602895919437
"BORR_00713",0,0.187914339792435,0.037832601224235,-0.507939202365253,-0.341800490445478,-3.43458207467692,0.00496758760456228,0.259859837233353
"BORR_00714",0,0.146117211113974,0.037832601224235,-0.507939202365253,0.0180652842540769,-3.43458207467692,-0.0800626615800131,-0.852103784609621
"BORR_00715",0,0.146117211113974,0.037832601224235,-1.38340793971915,-0.136391544057586,-3.43458207467692,0.277145473520378,-0.23440715863823
"BORR_00716",0,0.187914339792435,0.037832601224235,0.00771107355031319,0.0180652842540769,-0.841071363806045,0.00496758760456228,0.151602895919437
"BORR_00717",0,-0.0978146070384635,0.037832601224235,0.00771107355031319,0.0180652842540769,0.656293273311169,0.288768313348371,-0.23440715863823
"BORR_00718",0,0.146117211113974,-0.44318444163337,0.00771107355031319,0.0180652842540769,-3.43458207467692,-0.0729896135779528,0.435750503697017
"BORR_00719",0,0.146117211113974,0.037832601224235,0.00771107355031319,0.0180652842540769,-3.43458207467692,-0.0729896135779528,0.259859837233353
"BORR_00720",0,0.187914339792435,0.037832601224235,-1.38340793971915,-0.341800490445478,1.51020054308605,0.00496758760456228,0.259859837233353
"BORR_00721",0,0.146117211113974,0.037832601224235,0.00771107355031319,0.0180652842540769,1.51020054308605,-0.0800626615800131,0.435750503697017
"BORR_00722",0,0.187914339792435,0.037832601224235,0.185207978194692,0.0180652842540769,-0.841071363806045,-0.411547356690187,-0.852103784609621
"BORR_00723",0,-0.497699848459965,0.037832601224235,0.00771107355031319,-0.136391544057586,1.51020054308605,0.233660361580639,-0.253221305452448
"BORR_00724",0,0.146117211113974,0.037832601224235,-1.38340793971915,0.0180652842540769,0.656293273311169,-0.0729896135779528,0.151602895919437
"BORR_00725",0,0.146117211113974,-0.44318444163337,0.337310430883764,-0.136391544057586,-3.43458207467692,-0.0800626615800131,0.312929674010676
"BORR_00726",0,-0.0978146070384635,0.037832601224235,0.337310430883764,0.0180652842540769,-0.841071363806045,0.277145473520378,0.259859837233353
"BORR_00727",0,-0.497699848459965,0.037832601224235,0.185207978194692,0.0180652842540769,-3.43458207467692,-0.0729896135779528,-0.23440715863823
"BORR_00728",0,0.146117211113974,0.037832601224235,-0.130337798744024,-0.136391544057586,-3.43458207467692,-0.300216674045857,-0.253221305452448
"BORR_00729",0,0.146117211113974,0.037832601224235,0.00771107355031319,-0.136391544057586,0.656293273311169,0.233660361580639,-0.592752218784067
"BORR_00730",0,-0.497699848459965,0.037832601224235,0.00771107355031319,0.0180652842540769,-3.43458207467692,0.288768313348371,-0.253221305452448
"BORR_00731",0,0.146117211113974,0.037832601224235,0.638875188120734,-0.719557128647638,0.656293273311169,-0.411547356690187,0.151602895919437
"BORR_00732",0,-0.497699848459965,0.037832601224235,0.185207978194692,-0.136391544057586,1.51020054308605,0.00496758760456228,0.151602895919437
"BORR_00733",0,0.146117211113974,0.037832601224235,-1.38340793971915,-0.719557128647638,-0.841071363806045,0.288768313348371,-0.23440715863823
"BORR_00734",0,0.146117211113974,0.037832601224235,0.337310430883764,0.0180652842540769,-3.43458207467692,-0.300216674045857,-0.253221305452448
"BORR_00735",0,0.146117211113974,0.037832601224235,-1.38340793971915,0.0180652842540769,0.656293273311169,-0.0729896135779528,-0.253221305452448
"BORR_00736",0,0.146117211113974,0.037832601224235,0.337310430883764,-0.341800490445478,1.51020054308605,0.233660361580639,-0.23440715863823
"BORR_00737",0,0.187914339792435,0.0919789645941921,0.00771107355031319,0.18935009021854,-3.43458207467692,0.00496758760456228,0.259859837233353
"BORR_00738",0,-0.497699848459965,0.037832601224235,0.185207978194692,0.0180652842540769,1.51020054308605,0.00496758760456228,0.435750503697017
"BORR_00739",0,-0.0978146070384635,0.037832601224235,0.185207978194692,-0.136391544057586,-3.43458207467692,-0.0729896135779528,0.312929674010676
"BORR_00740",1,0.146117211113974,0.037832601224235,0.638875188120734,-0.0141663669819817,1.51020054308605,0.288768313348371,0.435750503697017
"BORR_00741",0,-0.497699848459965,0.037832601224235,0.337310430883764,0.397035991516326,-3.43458207467692,-0.0800626615800131,-0.852103784609621
"BORR_00742",0,0.187914339792435,0.037832601224235,0.00771107355031319,0.0180652842540769,-3.43458207467692,-0.411547356690187,0.259859837233353
"BORR_00743",0,0.146117211113974,-0.44318444163337,-1.38340793971915,0.18935009021854,1.51020054308605,0.00496758760456228,-0.23440715863823
"BORR_00744",0,0.187914339792435,0.037832601224235,0.00771107355031319,0.0180652842540769,-3.43458207467692,0.233660361580639,-0.592752218784067
"BORR_00745",0,0.146117211113974,0.0919789645941921,-0.54507874931471,-0.136391544057586,1.51020054308605,-0.0800626615800131,0.312929674010676
"BORR_00746",0,0.187914339792435,0.0919789645941921,0.638875188120734,-0.341800490445478,-0.841071363806045,-0.411547356690187,-0.23440715863823
"BORR_00747",0,-0.497699848459965,0.037832601224235,0.00771107355031319,-0.136391544057586,1.51020054308605,0.288768313348371,0.312929674010676
"BORR_00748",0,0.146117211113974,0.037832601224235,0.00771107355031319,-0.719557128647638,-3.43458207467692,0.277145473520378,0.151602895919437
"BORR_00749",0,0.146117211113974,0.0919789645941921,-0.54507874931471,0.18935009021854,-0.841071363806045,0.00496758760456228,-0.23440715863823
"BORR_00750",0,-0.0978146070384635,0.037832601224235,0.00771107355031319,-0.719557128647638,1.51020054308605,0.233660361580639,-0.852103784609621
"BORR_00751",0,-0.0978146070384635,-0.44318444163337,0.00771107355031319,-0.0141663669819817,-0.841071363806045,0.277145473520378,-0.852103784609621
"BORR_00752",0,-0.497699848459965,0.037832601224235,0.337310430883764,0.0180652842540769,-3.43458207467692,0.288768313348371,-0.253221305452448
"BORR_00753",0,-0.497699848459965,0.037832601224235,-0.54507874931471,0.705083437480601,0.656293273311169,-0.0800626615800131,0.151602895919437
"BORR_00754",0,-0.497699848459965,0.037832601224235,0.00771107355031319,0.0180652842540769,-3.43458207467692,0.288768313348371,0.151602895919437
"BORR_00755",0,-0.497699848459965,0.037832601224235,-0.54507874931471,-0.136391544057586,-3.43458207467692,0.233660361580639,0.259859837233353
"BORR_00756",0,-0.0978146070384635,0.037832601224235,0.00771107355031319,-0.0141663669819817,-3.43458207467692,-0.300216674045857,0.151602895919437
"BORR_00757",0,0.146117211113974,0.0919789645941921,0.185207978194692,-0.341800490445478,-3.43458207467692,0.233660361580639,0.312929674010676
"BORR_00758",0,0.187914339792435,0.037832601224235,0.185207978194692,-0.341800490445478,-3.43458207467692,0.00496758760456228,0.151602895919437
"BORR_00759",0,0.146117211113974,0.0919789645941921,0.185207978194692,-0.341800490445478,-0.841071363806045,-0.0729896135779528,0.259859837233353
"BORR_00760",0,-0.497699848459965,0.0919789645941921,-0.130337798744024,0.397035991516326,-3.43458207467692,0.00496758760456228,0.151602895919437
"BORR_00761",0,0.187914339792435,0.037832601224235,0.185207978194692,-0.136391544057586,-3.43458207467692,0.277145473520378,0.259859837233353
"BORR_00762",0,0.187914339792435,0.037832601224235,-0.507939202365253,0.0180652842540769,-0.841071363806045,-0.0729896135779528,0.435750503697017
"BORR_00763",0,0.146117211113974,0.0919789645941921,0.00771107355031319,0.0180652842540769,-0.841071363806045,-0.0729896135779528,0.151602895919437
"BORR_00764",1,0.146117211113974,0.037832601224235,0.638875188120734,-0.341800490445478,1.51020054308605,0.00496758760456228,0.435750503697017
"BORR_00765",0,0.146117211113974,0.0919789645941921,0.00771107355031319,0.18935009021854,1.51020054308605,0.00496758760456228,-0.592752218784067
"BORR_00766",0,0.146117211113974,0.037832601224235,0.185207978194692,0.0180652842540769,-3.43458207467692,0.00496758760456228,0.312929674010676
"BORR_00767",0,0.146117211113974,-0.44318444163337,0.337310430883764,-0.136391544057586,1.51020054308605,-0.300216674045857,0.151602895919437
"BORR_00768",1,-0.0978146070384635,0.0919789645941921,0.00771107355031319,0.0180652842540769,0.656293273311169,-0.0729896135779528,0.259859837233353
"BORR_00769",0,0.146117211113974,-0.44318444163337,-0.54507874931471,0.0180652842540769,-3.43458207467692,-0.0729896135779528,0.312929674010676
"BORR_00770",0,0.146117211113974,0.037832601224235,0.638875188120734,-0.0141663669819817,-3.43458207467692,0.00496758760456228,-0.852103784609621
"BORR_00771",0,0.146117211113974,0.037832601224235,-0.507939202365253,-0.341800490445478,-0.841071363806045,-0.0800626615800131,0.312929674010676
"BORR_00772",0,0.187914339792435,0.037832601224235,0.00771107355031319,0.18935009021854,0.656293273311169,-0.0800626615800131,0.312929674010676
"BORR_00773",0,-0.0978146070384635,0.037832601224235,-0.130337798744024,0.0180652842540769,-3.43458207467692,-0.411547356690187,0.259859837233353
"BORR_00774",0,0.187914339792435,0.037832601224235,0.00771107355031319,0.0180652842540769,0.656293273311169,-0.0800626615800131,-0.23440715863823
"BORR_00775",0,0.146117211113974,0.037832601224235,0.337310430883764,-0.136391544057586,1.51020054308605,0.233660361580639,0.151602895919437
"BORR_00776",0,0.187914339792435,0.0919789645941921,0.00771107355031319,0.0180652842540769,-0.841071363806045,0.00496758760456228,-0.592752218784067
"BORR_00777",0,0.146117211113974,0.037832601224235,-0.54507874931471,0.0180652842540769,-3.43458207467692,-0.0729896135779528,-0.852103784609621
"BORR_00778",0,0.146117211113974,0.037832601224235,0.185207978194692,-0.341800490445478,-3.43458207467692,0.00496758760456228,0.259859837233353
"BORR_00779",0,-0.497699848459965,0.0919789645941921,0.337310430883764,0.0180652842540769,0.656293273311169,0.00496758760456228,-0.23440715863823
"BORR_00780",0,0.146117211113974,0.037832601224235,0.00771107355031319,-0.136391544057586,-3.43458207467692,-0.0800626615800131,-0.852103784609621
"BORR_00781",0,-0.497699848459965,0.037832601224235,0.185207978194692,0.705083437480601,-3.43458207467692,-0.0729896135779528,0.151602895919437
"BORR_00782",0,-0.497699848459965,0.037832601224235,0.00771107355031319,0.18935009021854,1.51020054308605,0.233660361580639,-0.253221305452448
"BORR_00783",0,0.146117211113974,-0.44318444163337,0.00771107355031319,0.397035991516326,0.656293273311169,0.00496758760456228,-0.592752218784067
"BORR_00784",0,-0.497699848459965,0.037832601224235,0.00771107355031319,-0.136391544057586,1.51020054308605,-0.411547356690187,0.151602895919437
"BORR_00785",0,-0.497699848459965,0.037832601224235,0.00771107355031319,0.0180652842540769,-0.841071363806045,-0.411547356690187,-0.253221305452448
"BORR_00786",0,0.187914339792435,0.0919789645941921,0.337310430883764,0.18935009021854,-0.841071363806045,-0.0800626615800131,-0.592752218784067
"BORR_00787",0,-0.0978146070384635,0.037832601224235,0.00771107355031319,-0.341800490445478,-3.43458207467692,-0.0729896135779528,-0.852103784609621
"BORR_00788",0,0.146117211113974,0.037832601224235,0.185207978194692,0.397035991516326,-0.841071363806045,-0.0800626615800131,0.259859837233353
"BORR_00789",0,0.146117211113974,0.037832601224235,0.00771107355031319,0.397035991516326,-0.841071363806045,0.277145473520378,0.435750503697017
"BORR_00790",0,0.146117211113974,0.037832601224235,0.185207978194692,0.18935009021854,-3.43458207467692,0.00496758760456228,-0.253221305452448
"BORR_00791",0,0.146117211113974,0.037832601224235,0.00771107355031319,-0.136391544057586,-3.43458207467692,0.00496758760456228,-0.23440715863823
"BORR_00792",0,0.146117211113974,0.037832601224235,0.638875188120734,0.705083437480601,-0.841071363806045,-0.0800626615800131,-0.592752218784067
"BORR_00793",0,-0.497699848459965,0.037832601224235,0.337310430883764,-0.0141663669819817,-3.43458207467692,-0.0729896135779528,0.151602895919437
"BORR_00794",0,0.146117211113974,-0.44318444163337,0.00771107355031319,-0.136391544057586,1.51020054308605,0.00496758760456228,-0.253221305452448
"BORR_00795",0,-0.497699848459965,0.037832601224235,-1.38340793971915,0.705083437480601,-3.43458207467692,-0.300216674045857,0.151602895919437
"BORR_00796",0,0.146117211113974,0.0919789645941921,-0.130337798744024,-0.719557128647638,-0.841071363806045,0.00496758760456228,-0.253221305452448
"BORR_00797",0,0.146117211113974,-0.44318444163337,0.00771107355031319,-0.341800490445478,-3.43458207467692,-0.0800626615800131,0.435750503697017
"BORR_00798",0,0.146117211113974,0.037832601224235,0.337310430883764,-0.341800490445478,-0.841071363806045,0.288768313348371,-0.23440715863823
"BORR_00799",1,0.146117211113974,0.037832601224235,-1.38340793971915,0.0180652842540769,1.51020054308605,-0.0729896135779528,0.312929674010676
"BORR_00800",0,0.146117211113974,0.037832601224235,0.00771107355031319,0.0180652842540769,1.51020054308605,-0.0729896135779528,0.151602895919437
"BORR_00801",0,-0.497699848459965,0.037832601224235,0.00771107355031319,-0.341800490445478,-3.43458207467692,0.00496758760456228,0.259859837233353
"BORR_00802",0,0.146117211113974,0.0919789645941921,-0.54507874931471,-0.136391544057586,-0.841071363806045,0.233660361580639,-0.852103784609621
"BORR_00803",0,0.146117211113974,0.037832601224235,0.337310430883764,-0.719557128647638,-3.43458207467692,0.277145473520378,-0.852103784609621
"BORR_00804",0,-0.497699848459965,0.037832601224235,0.185207978194692,0.0180652842540769,-3.43458207467692,-0.0729896135779528,0.259859837233353
"BORR_00805",0,0.187914339792435,0.037832601224235,-0.507939202365253,0.0180652842540769,-0.841071363806045,0.00496758760456228,-0.23440715863823
"BORR_00806",0,0.146117211113974,0.037832601224235,0.185207978194692,0.705083437480601,-0.841071363806045,-0.0800626615800131,-0.852103784609621
"BORR_00807",0,0.187914339792435,0.037832601224235,0.00771107355031319,-0.136391544057586,-0.841071363806045,0.00496758760456228,-0.253221305452448
"BORR_00808",0,-0.0978146070384635,0.037832601224235,-0.54507874931471,0.0180652842540769,-3.43458207467692,-0.411547356690187,-0.852103784609621
"BORR_00809",0,-0.497699848459965,0.037832601224235,0.337310430883764,-0.0141663669819817,1.51020054308605,-0.0800626615800131,0.435750503697017
"BORR_00810",0,-0.0978146070384635,0.037832601224235,0.00771107355031319,0.0180652842540769,-3.43458207467692,0.00496758760456228,0.312929674010676
"BORR_00811",0,-0.497699848459965,0.037832601224235,-0.54507874931471,0.0180652842540769,-0.841071363806045,0.233660361580639,-0.592752218784067
"BORR_00812",0,-0.497699848459965,0.037832601224235,0.337310430883764,-0.719557128647638,-3.43458207467692,-0.0729896135779528,0.151602895919437
"BORR_00813",0,0.146117211113974,0.037832601224235,0.185207978194692,-0.341800490445478,-0.841071363806045,-0.300216674045857,0.435750503697017
"BORR_00814",1,0.187914339792435,0.037832601224235,0.337310430883764,0.0180652842540769,1.51020054308605,0.277145473520378,0.151602895919437
"BORR_00815",1,0.146117211113974,0.0919789645941921,0.638875188120734,0.0180652842540769,-3.43458207467692,-0.0729896135779528,0.151602895919437
"BORR_00816",0,-0.0978146070384635,0.0919789645941921,0.185207978194692,0.0180652842540769,1.51020054308605,-0.0729896135779528,0.151602895919437
"BORR_00817",0,0.187914339792435,-0.44318444163337,0.185207978194692,-0.0141663669819817,-3.43458207467692,-0.411547356690187,0.151602895919437
"BORR_00818",0,-0.497699848459965,0.037832601224235,-0.130337798744024,0.0180652842540769,-0.841071363806045,-0.411547356690187,-0.23440715863823
"BORR_00819",0,0.146117211113974,-0.44318444163337,0.337310430883764,0.18935009021854,-3.43458207467692,-0.0800626615800131,0.151602895919437
"BORR_00820",0,0.146117211113974,0.037832601224235,-0.507939202365253,0.0180652842540769,-3.43458207467692,-0.0729896135779528,0.151602895919437
"BORR_00821",0,-0.0978146070384635,0.037832601224235,0.00771107355031319,0.0180652842540769,-0.841071363806045,0.00496758760456228,0.151602895919437
"BORR_00822",1,0.146117211113974,0.037832601224235,-0.130337798744024,0.0180652842540769,-3.43458207467692,0.00496758760456228,0.151602895919437
"BORR_00823",0,-0.497699848459965,0.0919789645941921,0.00771107355031319,-0.136391544057586,-3.43458207467692,0.233660361580639,0.151602895919437
"BORR_00824",0,-0.497699848459965,0.037832601224235,0.00771107355031319,-0.341800490445478,1.51020054308605,-0.300216674045857,-0.23440715863823
"BORR_00825",1,0.146117211113974,0.0919789645941921,0.185207978194692,0.18935009021854,1.51020054308605,0.00496758760456228,0.312929674010676
"BORR_00826",0,-0.0978146070384635,0.037832601224235,0.00771107355031319,-0.341800490445478,-0.841071363806045,-0.0729896135779528,-0.253221305452448
"BORR_00827",0,-0.497699848459965,0.0919789645941921,0.00771107355031319,0.18935009021854,-3.43458207467692,-0.0729896135779528,-0.253221305452448
"BORR_00828",0,-0.0978146070384635,0.037832601224235,-0.54507874931471,-0.0141663669819817,-3.43458207467692,0.00496758760456228,0.151602895919437
"BORR_00829",0,0.187914339792435,0.037832601224235,-1.38340793971915,-0.136391544057586,-3.43458207467692,0.277145473520378,0.151602895919437
"BORR_00830",0,0.146117211113974,0.037832601224235,-0.54507874931471,0.0180652842540769,-0.841071363806045,-0.0729896135779528,0.151602895919437
"BORR_00831",0,0.187914339792435,0.037832601224235,0.185207978194692,0.0180652842540769,1.51020054308605,0.00496758760456228,-0.852103784609621
"BORR_00832",0,0.146117211113974,0.037832601224235,0.638875188120734,-0.136391544057586,-0.841071363806045,0.288768313348371,0.151602895919437
"BORR_00833",1,0.187914339792435,0.037832601224235,0.638875188120734,0.0180652842540769,0.656293273311169,0.233660361580639,0.259859837233353
"BORR_00834",0,0.146117211113974,0.037832601224235,0.00771107355031319,-0.719557128647638,1.51020054308605,0.233660361580639,0.151602895919437
"BORR_00835",1,0.187914339792435,0.037832601224235,0.00771107355031319,0.397035991516326,1.51020054308605,-0.0800626615800131,0.151602895919437
"BORR_00836",0,0.146117211113974,0.037832601224235,0.00771107355031319,-0.136391544057586,-3.43458207467692,0.00496758760456228,0.312929674010676
"BORR_00837",0,0.146117211113974,0.037832601224235,0.337310430883764,-0.136391544057586,-0.841071363806045,-0.0800626615800131,-0.852103784609621
"BORR_00838",0,0.146117211113974,-0.44318444163337,0.185207978194692,-0.719557128647638,-0.841071363806045,-0.300216674045857,-0.253221305452448
"BORR_00839",0,-0.497699848459965,0.0919789645941921,0.00771107355031319,-0.136391544057586,1.51020054308605,0.00496758760456228,-0.23440715863823
"BORR_00840",0,-0.497699848459965,0.0919789645941921,-1.38340793971915,-0.136391544057586,0.656293273311169,0.233660361580639,-0.253221305452448
"BORR_00841",0,0.187914339792435,-0.44318444163337,0.00771107355031319,0.18935009021854,-0.841071363806045,-0.300216674045857,-0.23440715863823
"BORR_00842",0,-0.497699848459965,0.0919789645941921,0.638875188120734,0.0180652842540769,-3.43458207467692,-0.0800626615800131,0.312929674010676
"BORR_00843",0,0.146117211113974,0.037832601224235,-1.38340793971915,0.705083437480601,-3.43458207467692,-0.0800626615800131,0.151602895919437
"BORR_00844",0,0.146117211113974,0.037832601224235,0.00771107355031319,0.18935009021854,-3.43458207467692,-0.411547356690187,-0.23440715863823
"BORR_00845",0,-0.497699848459965,0.0919789645941921,0.337310430883764,-0.719557128647638,-3.43458207467692,0.00496758760456228,-0.23440715863823
"BORR_00846",0,-0.497699848459965,0.037832601224235,0.00771107355031319,0.18935009021854,1.51020054308605,0.00496758760456228,-0.592752218784067
"BORR_00847",0,-0.0978146070384635,0.0919789645941921,-0.130337798744024,-0.136391544057586,1.51020054308605,-0.0729896135779528,-0.253221305452448
"BORR_00848",0,0.187914339792435,0.037832601224235,0.185207978194692,-0.136391544057586,-3.43458207467692,-0.411547356690187,0.312929674010676
"BORR_00849",0,0.187914339792435,0.037832601224235,-0.507939202365253,0.0180652842540769,1.51020054308605,-0.0729896135779528,0.259859837233353
"BORR_00850",0,0.146117211113974,0.037832601224235,0.00771107355031319,0.0180652842540769,-0.841071363806045,-0.0800626615800131,-0.592752218784067
"BORR_00851",0,-0.0978146070384635,0.037832601224235,0.00771107355031319,0.0180652842540769,1.51020054308605,-0.300216674045857,0.259859837233353
"BORR_00852",0,0.146117211113974,0.037832601224235,0.337310430883764,0.0180652842540769,-0.841071363806045,0.00496758760456228,-0.253221305452448
"BORR_00853",0,0.146117211113974,0.0919789645941921,-0.507939202365253,-0.341800490445478,0.656293273311169,-0.0800626615800131,-0.23440715863823
"BORR_00854",0,0.146117211113974,0.037832601224235,0.638875188120734,-0.719557128647638,-3.43458207467692,-0.0800626615800131,0.151602895919437
"BORR_00855",0,-0.497699848459965,0.037832601224235,-0.54507874931471,-0.136391544057586,-3.43458207467692,-0.0729896135779528,0.259859837233353
"BORR_00856",0,0.146117211113974,-0.44318444163337,0.00771107355031319,0.0180652842540769,1.51020054308605,-0.0729896135779528,0.151602895919437
"BORR_00857",0,0.146117211113974,0.0919789645941921,0.00771107355031319,-0.0141663669819817,-3.43458207467692,-0.300216674045857,-0.852103784609621
"BORR_00858",0,0.146117211113974,0.037832601224235,0.185207978194692,0.0180652842540769,-0.841071363806045,0.233660361580639,0.435750503697017
"BORR_00859",0,-0.0978146070384635,-0.44318444163337,0.00771107355031319,-0.341800490445478,-3.43458207467692,0.277145473520378,0.259859837233353
"BORR_00860",0,0.146117211113974,0.037832601224235,-0.507939202365253,0.0180652842540769,-3.43458207467692,0.288768313348371,-0.852103784609621
"BORR_00861",0,0.146117211113974,0.037832601224235,0.00771107355031319,0.0180652842540769,-3.43458207467692,-0.0800626615800131,0.151602895919437
"BORR_00862",1,-0.497699848459965,0.037832601224235,0.337310430883764,0.397035991516326,1.51020054308605,-0.411547356690187,0.151602895919437
"BORR_00863",0,0.146117211113974,0.0919789645941921,0.185207978194692,0.0180652842540769,-3.43458207467692,-0.0729896135779528,-0.592752218784067
"BORR_00864",0,0.146117211113974,0.0919789645941921,0.638875188120734,-0.136391544057586,-0.841071363806045,0.00496758760456228,0.151602895919437
"BORR_00865",0,0.146117211113974,0.037832601224235,-0.54507874931471,0.705083437480601,1.51020054308605,0.277145473520378,0.435750503697017
"BORR_00866",0,-0.497699848459965,-0.44318444163337,0.185207978194692,-0.0141663669819817,-3.43458207467692,0.233660361580639,0.312929674010676
"BORR_00867",0,0.146117211113974,0.037832601224235,-0.130337798744024,-0.0141663669819817,-0.841071363806045,-0.0729896135779528,-0.253221305452448
"BORR_00868",0,0.146117211113974,0.037832601224235,0.00771107355031319,0.0180652842540769,-3.43458207467692,0.00496758760456228,-0.253221305452448
"BORR_00869",0,0.187914339792435,0.037832601224235,-1.38340793971915,-0.341800490445478,1.51020054308605,0.233660361580639,0.312929674010676
"BORR_00870",1,-0.0978146070384635,0.037832601224235,0.00771107355031319,0.18935009021854,1.51020054308605,-0.411547356690187,0.435750503697017
"BORR_00871",0,0.146117211113974,0.037832601224235,0.00771107355031319,0.397035991516326,-3.43458207467692,-0.300216674045857,0.151602895919437
"BORR_00872",0,-0.497699848459965,0.037832601224235,0.00771107355031319,0.18935009021854,-0.841071363806045,-0.300216674045857,0.151602895919437
"BORR_00873",0,0.146117211113974,-0.44318444163337,0.00771107355031319,0.0180652842540769,-0.841071363806045,-0.0729896135779528,-0.253221305452448
"BORR_00874",0,-0.497699848459965,0.037832601224235,0.00771107355031319,-0.341800490445478,-3.43458207467692,-0.0800626615800131,-0.23440715863823
"BORR_00875",0,-0.497699848459965,0.037832601224235,0.337310430883764,-0.0141663669819817,-0.841071363806045,0.00496758760456228,0.151602895919437
"BORR_00876",0,0.146117211113974,0.037832601224235,0.00771107355031319,0.0180652842540769,-3.43458207467692,-0.0729896135779528,0.435750503697017
"BORR_00877",0,0.146117211113974,0.037832601224235,-1.38340793971915,-0.136391544057586,-0.841071363806045,-0.0729896135779528,0.259859837233353
"BORR_00878",0,-0.497699848459965,0.037832601224235,-0.54507874931471,-0.136391544057586,-0.841071363806045,-0.411547356690187,0.259859837233353
"BORR_00879",0,-0.497699848459965,0.0919789645941921,-0.54507874931471,0.18935009021854,-0.841071363806045,-0.0729896135779528,-0.253221305452448
"BORR_00880",0,0.146117211113974,0.037832601224235,0.00771107355031319,0.0180652842540769,-3.43458207467692,-0.300216674045857,0.435750503697017
"BORR_00881",0,0.187914339792435,0.0919789645941921,0.00771107355031319,0.0180652842540769,-3.43458207467692,0.00496758760456228,-0.253221305452448
"BORR_00882",0,0.146117211113974,-0.44318444163337,0.185207978194692,-0.719557128647638,1.51020054308605,0.00496758760456228,-0.592752218784067
"BORR_00883",0,0.146117211113974,0.037832601224235,0.00771107355031319,0.705083437480601,-3.43458207467692,-0.0800626615800131,-0.852103784609621
"BORR_00884",0,-0.497699848459965,0.0919789645941921,0.00771107355031319,0.0180652842540769,-0.841071363806045,0.233660361580639,0.312929674010676
"BORR_00885",0,-0.0978146070384635,0.037832601224235,0.00771107355031319,0.0180652842540769,-3.43458207467692,0.233660361580639,-0.253221305452448
"BORR_00886",0,0.187914339792435,0.037832601224235,0.337310430883764,0.0180652842540769,-0.841071363806045,0.288768313348371,0.151602895919437
"BORR_00887",0,0.146117211113974,0.037832601224235,0.00771107355031319,0.0180652842540769,-3.43458207467692,0.288768313348371,0.151602895919437
"BORR_00888",0,-0.497699848459965,0.037832601224235,-0.507939202365253,0.397035991516326,1.51020054308605,0.00496758760456228,0.259859837233353
"BORR_00889",0,0.146117211113974,0.037832601224235,0.185207978194692,0.397035991516326,0.656293273311169,0.00496758760456228,-0.592752218784067
"BORR_00890",0,0.146117211113974,0.037832601224235,0.337310430883764,-0.136391544057586,-3.43458207467692,-0.0729896135779528,-0.23440715863823
"BORR_00891",0,0.146117211113974,0.037832601224235,0.185207978194692,-0.0141663669819817,-3.43458207467692,-0.0729896135779528,0.312929674010676
"BORR_00892",0,0.146117211113974,0.037832601224235,-0.54507874931471,0.0180652842540769,-3.43458207467692,0.288768313348371,0.151602895919437
"BORR_00893",0,-0.497699848459965,0.037832601224235,-1.38340793971915,-0.341800490445478,-0.841071363806045,-0.0729896135779528,-0.592752218784067
"BORR_00894",0,0.146117211113974,-0.44318444163337,0.185207978194692,-0.341800490445478,-3.43458207467692,-0.0729896135779528,0.151602895919437
"BORR_00895",0,0.146117211113974,0.0919789645941921,-0.507939202365253,0.397035991516326,-3.43458207467692,-0.0729896135779528,-0.253221305452448
"BORR_00896",0,-0.497699848459965,0.037832601224235,0.00771107355031319,-0.136391544057586,-0.841071363806045,-0.0729896135779528,0.312929674010676
"BORR_00897",0,0.146117211113974,0.037832601224235,0.00771107355031319,0.705083437480601,1.51020054308605,-0.0729896135779528,0.259859837233353
"BORR_00898",0,0.146117211113974,-0.44318444163337,-0.130337798744024,-0.136391544057586,-3.43458207467692,-0.0729896135779528,0.151602895919437
"BORR_00899",0,0.146117211113974,0.0919789645941921,0.638875188120734,0.397035991516326,-0.841071363806045,0.288768313348371,-0.852103784609621
"BORR_00900",0,-0.0978146070384635,0.0919789645941921,0.00771107355031319,0.0180652842540769,1.51020054308605,-0.0729896135779528,-0.23440715863823
"BORR_00901",0,0.146117211113974,0.037832601224235,0.00771107355031319,-0.136391544057586,0.656293273311169,-0.0729896135779528,0.435750503697017
"BORR_00902",0,-0.497699848459965,0.037832601224235,0.337310430883764,-0.341800490445478,0.656293273311169,0.288768313348371,-0.253221305452448
"BORR_00903",0,0.146117211113974,0.037832601224235,0.185207978194692,0.0180652842540769,-3.43458207467692,-0.0729896135779528,0.312929674010676
"BORR_00904",0,-0.497699848459965,0.037832601224235,0.00771107355031319,-0.0141663669819817,-3.43458207467692,-0.0800626615800131,0.259859837233353
"BORR_00905",0,0.146117211113974,0.0919789645941921,0.185207978194692,0.0180652842540769,-3.43458207467692,-0.300216674045857,0.259859837233353
"BORR_00906",0,0.146117211113974,0.0919789645941921,-0.507939202365253,-0.341800490445478,1.51020054308605,-0.0729896135779528,0.151602895919437
"BORR_00907",0,0.146117211113974,0.037832601224235,-1.38340793971915,0.0180652842540769,-3.43458207467692,-0.0729896135779528,-0.23440715863823
"BORR_00908",0,-0.497699848459965,-0.44318444163337,0.185207978194692,0.0180652842540769,-3.43458207467692,0.00496758760456228,-0.592752218784067
"BORR_00909",0,-0.497699848459965,0.037832601224235,-0.54507874931471,-0.0141663669819817,0.656293273311169,0.277145473520378,0.151602895919437
"BORR_00910",0,-0.497699848459965,0.037832601224235,0.337310430883764,0.18935009021854,-0.841071363806045,-0.411547356690187,0.151602895919437
"BORR_00911",0,0.146117211113974,0.037832601224235,0.00771107355031319,-0.136391544057586,-0.841071363806045,-0.0800626615800131,0.151602895919437
"BORR_00912",0,0.187914339792435,-0.44318444163337,-1.38340793971915,-0.136391544057586,-0.841071363806045,0.233660361580639,0.151602895919437
"BORR_00913",0,-0.0978146070384635,0.037832601224235,-0.130337798744024,0.0180652842540769,-3.43458207467692,0.00496758760456228,0.259859837233353
"BORR_00914",0,0.187914339792435,-0.44318444163337,0.00771107355031319,-0.136391544057586,1.51020054308605,-0.0800626615800131,-0.23440715863823
"BORR_00915",0,0.146117211113974,0.0919789645941921,0.337310430883764,-0.341800490445478,-3.43458207467692,-0.0729896135779528,-0.23440715863823
"BORR_00916",0,0.146117211113974,0.037832601224235,0.00771107355031319,-0.136391544057586,-0.841071363806045,0.288768313348371,0.435750503697017
"BORR_00917",0,-0.497699848459965,0.037832601224235,-1.38340793971915,0.397035991516326,-0.841071363806045,-0.0729896135779528,-0.592752218784067
"BORR_00918",0,0.146117211113974,-0.44318444163337,0.00771107355031319,0.397035991516326,1.51020054308605,0.00496758760456228,-0.253221305452448
"BORR_00919",0,0.146117211113974,0.037832601224235,0.185207978194692,-0.136391544057586,-3.43458207467692,-0.411547356690187,0.259859837233353
"BORR_00920",0,0.146117211113974,-0.44318444163337,0.00771107355031319,0.705083437480601,-0.841071363806045,-0.0800626615800131,0.312929674010676
"BORR_00921",0,-0.497699848459965,-0.44318444163337,-0.507939202365253,-0.341800490445478,-3.43458207467692,0.00496758760456228,-0.592752218784067
"BORR_00922",0,0.146117211113974,0.037832601224235,-0.130337798744024,-0.136391544057586,-0.841071363806045,0.00496758760456228,-0.23440715863823
"BORR_00923",0,0.146117211113974,0.037832601224235,0.185207978194692,-0.136391544057586,-3.43458207467692,0.233660361580639,0.151602895919437
"BORR_00924",0,-0.0978146070384635,-0.44318444163337,0.00771107355031319,-0.719557128647638,-3.43458207467692,-0.300216674045857,-0.23440715863823
"BORR_00925",1,0.146117211113974,0.0919789645941921,-0.130337798744024,0.18935009021854,1.51020054308605,0.233660361580639,-0.253221305452448
"BORR_00926",0,0.146117211113974,0.037832601224235,0.185207978194692,0.0180652842540769,-3.43458207467692,-0.0800626615800131,0.312929674010676
"BORR_00927",1,-0.497699848459965,0.037832601224235,0.00771107355031319,-0.0141663669819817,1.51020054308605,0.00496758760456228,0.312929674010676
"BORR_00928",0,0.146117211113974,0.037832601224235,-0.507939202365253,0.397035991516326,-0.841071363806045,-0.0729896135779528,0.151602895919437
"BORR_00929",0,0.146117211113974,-0.44318444163337,0.185207978194692,-0.341800490445478,-3.43458207467692,0.277145473520378,-0.23440715863823
"BORR_00930",0,0.146117211113974,-0.44318444163337,0.00771107355031319,0.0180652842540769,-0.841071363806045,0.00496758760456228,-0.592752218784067
"BORR_00931",0,-0.0978146070384635,0.0919789645941921,0.00771107355031319,0.0180652842540769,-0.841071363806045,-0.0729896135779528,0.259859837233353
"BORR_00932",0,0.146117211113974,0.037832601224235,0.00771107355031319,-0.341800490445478,-3.43458207467692,0.277145473520378,0.151602895919437
"BORR_00933",0,0.146117211113974,0.037832601224235,0.00771107355031319,-0.136391544057586,-3.43458207467692,0.00496758760456228,-0.253221305452448
"BORR_00934",0,0.146117211113974,-0.44318444163337,0.00771107355031319,-0.719557128647638,-3.43458207467692,0.00496758760456228,0.312929674010676
"BORR_00935",0,-0.0978146070384635,0.037832601224235,0.00771107355031319,-0.136391544057586,-3.43458207467692,0.00496758760456228,-0.592752218784067
"BORR_00936",0,0.146117211113974,0.037832601224235,0.185207978194692,-0.136391544057586,0.656293273311169,-0.0729896135779528,0.151602895919437
"BORR_00937",0,0.146117211113974,0.037832601224235,0.185207978194692,-0.341800490445478,-3.43458207467692,0.00496758760456228,0.151602895919437
"BORR_00938",0,-0.497699848459965,0.0919789645941921,0.185207978194692,-0.719557128647638,-0.841071363806045,-0.0800626615800131,-0.23440715863823
"BORR_00939",0,-0.497699848459965,-0.44318444163337,0.00771107355031319,-0.341800490445478,-3.43458207467692,-0.0729896135779528,0.435750503697017
"BORR_00940",0,-0.0978146070384635,0.037832601224235,0.00771107355031319,-0.136391544057586,-3.43458207467692,0.00496758760456228,0.312929674010676
"BORR_00941",0,-0.0978146070384635,0.037832601224235,-1.38340793971915,-0.719557128647638,-3.43458207467692,-0.0800626615800131,-0.23440715863823
"BORR_00942",0,0.187914339792435,0.037832601224235,0.00771107355031319,-0.136391544057586,-0.841071363806045,0.00496758760456228,-0.23440715863823
"BORR_00943",0,0.146117211113974,0.037832601224235,-1.38340793971915,0.0180652842540769,1.51020054308605,-0.0729896135779528,0.259859837233353
"BORR_00944",0,-0.0978146070384635,0.037832601224235,-0.54507874931471,0.705083437480601,-0.841071363806045,-0.300216674045857,0.151602895919437
"BORR_00945",1,0.146117211113974,0.037832601224235,0.185207978194692,0.0180652842540769,-0.841071363806045,0.00496758760456228,0.312929674010676
"BORR_00946",0,0.146117211113974,0.037832601224235,0.00771107355031319,0.705083437480601,1.51020054308605,0.233660361580639,-0.23440715863823
"BORR_00947",0,0.146117211113974,-0.44318444163337,0.00771107355031319,0.705083437480601,0.656293273311169,-0.0729896135779528,0.312929674010676
"BORR_00948",0,-0.0978146070384635,0.037832601224235,0.00771107355031319,0.0180652842540769,-3.43458207467692,0.233660361580639,0.259859837233353
"BORR_00949",0,0.187914339792435,0.037832601224235,0.00771107355031319,0.0180652842540769,-3.43458207467692,0.00496758760456228,-0.852103784609621
"BORR_00950",0,0.146117211113974,0.037832601224235,0.00771107355031319,-0.341800490445478,-3.43458207467692,-0.0800626615800131,0.151602895919437
"BORR_00951",1,0.146117211113974,0.0919789645941921,-1.38340793971915,0.18935009021854,-0.841071363806045,-0.0800626615800131,-0.23440715863823
"BORR_00952",0,0.146117211113974,0.037832601224235,0.00771107355031319,0.0180652842540769,-3.43458207467692,0.233660361580639,-0.852103784609621
"BORR_00953",0,0.146117211113974,-0.44318444163337,0.185207978194692,-0.341800490445478,-0.841071363806045,0.00496758760456228,-0.852103784609621
"BORR_00954",0,0.146117211113974,0.037832601224235,0.00771107355031319,0.18935009021854,-0.841071363806045,0.288768313348371,-0.852103784609621
"BORR_00955",0,0.146117211113974,0.037832601224235,-0.507939202365253,-0.341800490445478,1.51020054308605,0.00496758760456228,0.151602895919437
"BORR_00956",0,-0.0978146070384635,0.037832601224235,0.185207978194692,-0.136391544057586,1.51020054308605,-0.0729896135779528,0.312929674010676
"BORR_00957",0,0.187914339792435,0.0919789645941921,0.00771107355031319,0.0180652842540769,-0.841071363806045,-0.0729896135779528,0.312929674010676
"BORR_00958",0,-0.497699848459965,0.037832601224235,0.337310430883764,0.0180652842540769,-3.43458207467692,0.233660361580639,0.151602895919437
"BORR_00959",0,0.146117211113974,-0.44318444163337,0.185207978194692,0.0180652842540769,-3.43458207467692,-0.0729896135779528,0.312929674010676
"BORR_00960",0,-0.0978146070384635,0.0919789645941921,0.185207978194692,0.0180652842540769,1.51020054308605,-0.0800626615800131,0.151602895919437
"BORR_00961",0,0.187914339792435,0.037832601224235,-0.54507874931471,-0.341800490445478,-3.43458207467692,0.00496758760456228,-0.23440715863823
"BORR_00962",0,-0.497699848459965,0.0919789645941921,0.00771107355031319,0.0180652842540769,-0.841071363806045,0.00496758760456228,0.435750503697017
"BORR_00963",0,-0.0978146070384635,0.0919789645941921,0.185207978194692,0.0180652842540769,-0.841071363806045,-0.411547356690187,0.312929674010676
"BORR_00964",0,0.146117211113974,0.037832601224235,0.337310430883764,0.0180652842540769,-3.43458207467692,0.233660361580639,0.151602895919437
"BORR_00965",1,0.146117211113974,0.037832601224235,0.00771107355031319,0.0180652842540769,1.51020054308605,0.00496758760456228,0.259859837233353
"BORR_00966",0,0.187914339792435,-0.44318444163337,0.185207978194692,-0.341800490445478,-3.43458207467692,0.233660361580639,-0.592752218784067
"BORR_00967",0,-0.497699848459965,0.037832601224235,0.638875188120734,-0.341800490445478,-3.43458207467692,-0.0800626615800131,0.435750503697017
"BORR_00968",0,-0.0978146070384635,0.0919789645941921,-0.130337798744024,0.0180652842540769,-3.43458207467692,-0.0800626615800131,-0.23440715863823
"BORR_00969",1,-0.0978146070384635,0.037832601224235,-0.130337798744024,0.0180652842540769,0.656293273311169,-0.0729896135779528,0.151602895919437
"BORR_00970",0,0.146117211113974,0.037832601224235,0.00771107355031319,-0.0141663669819817,-0.841071363806045,0.00496758760456228,-0.852103784609621
"BORR_00971",0,0.146117211113974,0.0919789645941921,0.00771107355031319,-0.0141663669819817,-0.841071363806045,0.277145473520378,0.312929674010676
"BORR_00972",0,0.146117211113974,0.037832601224235,-0.507939202365253,-0.136391544057586,-3.43458207467692,0.233660361580639,-0.852103784609621
"BORR_00973",1,0.187914339792435,0.037832601224235,0.00771107355031319,-0.0141663669819817,1.51020054308605,-0.0729896135779528,-0.253221305452448
"BORR_00974",0,-0.0978146070384635,0.037832601224235,0.00771107355031319,0.18935009021854,-0.841071363806045,0.00496758760456228,0.435750503697017
"BORR_00975",0,0.146117211113974,0.037832601224235,0.00771107355031319,-0.136391544057586,-3.43458207467692,-0.0800626615800131,0.435750503697017
"BORR_00976",0,0.187914339792435,0.0919789645941921,0.00771107355031319,0.705083437480601,-3.43458207467692,-0.0800626615800131,0.259859837233353
"BORR_00977",0,-0.497699848459965,0.0919789645941921,0.185207978194692,0.397035991516326,-3.43458207467692,0.00496758760456228,0.151602895919437
"BORR_00978",0,-0.497699848459965,0.0919789645941921,0.00771107355031319,-0.719557128647638,1.51020054308605,0.00496758760456228,0.312929674010676
"BORR_00979",0,0.146117211113974,0.037832601224235,0.00771107355031319,-0.136391544057586,-3.43458207467692,0.00496758760456228,0.151602895919437
"BORR_00980",0,-0.497699848459965,0.037832601224235,-0.130337798744024,0.397035991516326,1.51020054308605,0.00496758760456228,-0.253221305452448
"BORR_00981",0,-0.0978146070384635,0.0919789645941921,0.00771107355031319,-0.136391544057586,-3.43458207467692,-0.0800626615800131,0.151602895919437
"BORR_00982",0,0.146117211113974,0.037832601224235,-0.130337798744024,-0.136391544057586,-0.841071363806045,-0.0800626615800131,-0.253221305452448
"BORR_00983",0,0.187914339792435,-0.44318444163337,-1.38340793971915,0.0180652842540769,-3.43458207467692,0.277145473520378,0.151602895919437
"BORR_00984",0,0.146117211113974,-0.44318444163337,0.185207978194692,-0.136391544057586,1.51020054308605,0.277145473520378,0.151602895919437
"BORR_00985",0,-0.497699848459965,0.0919789645941921,0.00771107355031319,0.397035991516326,-3.43458207467692,0.00496758760456228,-0.852103784609621
"BORR_00986",0,0.146117211113974,-0.44318444163337,0.638875188120734,-0.341800490445478,-0.841071363806045,0.00496758760456228,0.151602895919437
"BORR_00987",0,0.146117211113974,0.037832601224235,0.00771107355031319,-0.719557128647638,1.51020054308605,0.288768313348371,-0.852103784609621
"BORR_00988",1,-0.0978146070384635,0.0919789645941921,0.00771107355031319,-0.136391544057586,-0.841071363806045,-0.0800626615800131,0.259859837233353
"BORR_00989",0,0.146117211113974,0.037832601224235,0.185207978194692,0.0180652842540769,-3.43458207467692,0.00496758760456228,0.151602895919437
"BORR_00990",0,-0.497699848459965,-0.44318444163337,0.00771107355031319,-0.0141663669819817,-3.43458207467692,0.00496758760456228,0.312929674010676
"BORR_00991",0,0.146117211113974,0.037832601224235,0.00771107355031319,-0.341800490445478,1.51020054308605,0.233660361580639,-0.592752218784067
"BORR_00992",0,0.187914339792435,0.0919789645941921,0.337310430883764,0.18935009021854,-0.841071363806045,0.00496758760456228,-0.852103784609621
"BORR_00993",1,0.146117211113974,-0.44318444163337,0.638875188120734,-0.341800490445478,1.51020054308605,-0.0800626615800131,0.259859837233353
"BORR_00994",0,-0.0978146070384635,0.037832601224235,0.185207978194692,-0.719557128647638,1.51020054308605,0.233660361580639,-0.23440715863823
"BORR_00995",0,-0.0978146070384635,0.037832601224235,0.337310430883764,-0.136391544057586,-3.43458207467692,0.288768313348371,0.151602895919437
"BORR_00996",0,0.187914339792435,0.0919789645941921,0.00771107355031319,0.397035991516326,-0.841071363806045,-0.0729896135779528,0.151602895919437
"BORR_00997",0,-0.497699848459965,0.037832601224235,0.00771107355031319,0.705083437480601,-3.43458207467692,0.233660361580639,0.259859837233353
"BORR_00998",0,-0.0978146070384635,0.037832601224235,0.185207978194692,0.397035991516326,1.51020054308605,0.277145473520378,-0.592752218784067
"BORR_00999",0,0.146117211113974,0.037832601224235,0.337310430883764,0.18935009021854,1.51020054308605,0.00496758760456228,-0.592752218784067
"BORR_01000",0,0.187914339792435,0.037832601224235,0.00771107355031319,-0.341800490445478,1.51020054308605,0.288768313348371,-0.23440715863823
"BORR_01001",0,-0.497699848459965,-0.44318444163337,0.185207978194692,-0.341800490445478,-3.43458207467692,0.00496758760456228,-0.23440715863823
"BORR_01002",0,0.146117211113974,0.037832601224235,0.00771107355031319,0.397035991516326,-0.841071363806045,-0.0800626615800131,0.151602895919437
"BORR_01003",0,0.187914339792435,0.037832601224235,0.185207978194692,0.0180652842540769,-0.841071363806045,0.233660361580639,0.435750503697017
"BORR_01004",0,-0.497699848459965,0.037832601224235,0.00771107355031319,0.0180652842540769,-3.43458207467692,-0.0800626615800131,-0.592752218784067
"BORR_01005",0,0.187914339792435,0.037832601224235,-0.507939202365253,0.397035991516326,1.51020054308605,-0.0800626615800131,0.151602895919437
"BORR_01006",0,0.146117211113974,0.037832601224235,0.00771107355031319,0.0180652842540769,-3.43458207467692,-0.0800626615800131,0.151602895919437
"BORR_01007",0,-0.0978146070384635,0.037832601224235,-0.54507874931471,0.0180652842540769,-3.43458207467692,-0.0800626615800131,0.151602895919437
"BORR_01008",0,-0.497699848459965,0.037832601224235,0.00771107355031319,0.0180652842540769,-0.841071363806045,-0.0729896135779528,0.312929674010676
"BORR_01009",0,-0.0978146070384635,0.037832601224235,0.337310430883764,-0.341800490445478,1.51020054308605,0.277145473520378,-0.852103784609621
"BORR_01010",1,-0.0978146070384635,0.0919789645941921,0.337310430883764,0.705083437480601,1.51020054308605,0.00496758760456228,0.151602895919437
"BORR_01011",0,-0.497699848459965,0.037832601224235,0.638875188120734,-0.136391544057586,-0.841071363806045,-0.0800626615800131,0.151602895919437
"BORR_01012",0,0.146117211113974,0.037832601224235,-0.54507874931471,-0.341800490445478,-0.841071363806045,-0.0729896135779528,-0.852103784609621
"BORR_01013",0,0.146117211113974,0.037832601224235,0.337310430883764,-0.341800490445478,0.656293273311169,-0.300216674045857,-0.592752218784067
"BORR_01014",0,0.146117211113974,0.037832601224235,0.00771107355031319,0.18935009021854,-3.43458207467692,-0.0729896135779528,-0.852103784609621
"BORR_01015",1,0.146117211113974,0.0919789645941921,0.00771107355031319,0.0180652842540769,1.51020054308605,-0.300216674045857,0.312929674010676
"BORR_01016",0,0.146117211113974,0.037832601224235,0.00771107355031319,0.397035991516326,0.656293273311169,0.00496758760456228,-0.23440715863823
"BORR_01017",0,0.187914339792435,-0.44318444163337,-0.54507874931471,-0.719557128647638,-3.43458207467692,0.00496758760456228,0.151602895919437
"BORR_01018",0,0.146117211113974,0.0919789645941921,0.185207978194692,-0.136391544057586,-0.841071363806045,-0.0729896135779528,-0.852103784609621
"BORR_01019",0,-0.497699848459965,0.037832601224235,0.185207978194692,-0.719557128647638,1.51020054308605,0.233660361580639,0.312929674010676
"BORR_01020",0,-0.0978146070384635,0.0919789645941921,0.337310430883764,-0.136391544057586,0.656293273311169,-0.0729896135779528,-0.23440715863823
"BORR_01021",0,-0.0978146070384635,0.037832601224235,0.00771107355031319,0.0180652842540769,1.51020054308605,0.00496758760456228,-0.23440715863823
"BORR_01022",0,0.146117211113974,0.037832601224235,0.00771107355031319,0.705083437480601,-0.841071363806045,-0.0800626615800131,0.435750503697017
"BORR_01023",0,-0.0978146070384635,0.037832601224235,0.00771107355031319,-0.341800490445478,1.51020054308605,-0.0729896135779528,0.435750503697017
"BORR_01024",0,0.146117211113974,0.037832601224235,0.638875188120734,0.0180652842540769,-3.43458207467692,0.00496758760456228,-0.852103784609621
"BORR_01025",0,0.146117211113974,-0.44318444163337,-1.38340793971915,0.0180652842540769,1.51020054308605,0.00496758760456228,0.312929674010676
"BORR_01026",0,0.187914339792435,0.0919789645941921,-0.130337798744024,-0.136391544057586,-3.43458207467692,0.00496758760456228,-0.23440715863823
"BORR_01027",0,0.146117211113974,-0.44318444163337,0.337310430883764,0.0180652842540769,-3.43458207467692,0.00496758760456228,-0.852103784609621
"BORR_01028",0,-0.497699848459965,0.037832601224235,-0.54507874931471,0.0180652842540769,-0.841071363806045,0.00496758760456228,0.151602895919437
"BORR_01029",0,0.146117211113974,0.037832601224235,-0.130337798744024,-0.136391544057586,-0.841071363806045,-0.411547356690187,0.151602895919437
"BORR_01030",0,-0.0978146070384635,0.037832601224235,0.337310430883764,-0.136391544057586,-3.43458207467692,-0.0729896135779528,0.259859837233353
"BORR_01031",0,-0.0978146070384635,0.0919789645941921,-0.130337798744024,0.0180652842540769,-0.841071363806045,0.00496758760456228,0.151602895919437
"BORR_01032",0,0.146117211113974,0.037832601224235,0.00771107355031319,-0.136391544057586,-3.43458207467692,0.288768313348371,-0.23440715863823
"BORR_01033",0,0.146117211113974,0.037832601224235,0.185207978194692,-0.136391544057586,1.51020054308605,0.00496758760456228,0.151602895919437
"BORR_01034",0,-0.497699848459965,0.037832601224235,0.337310430883764,0.0180652842540769,-0.841071363806045,-0.300216674045857,-0.852103784609621
"BORR_01035",0,0.146117211113974,0.037832601224235,0.00771107355031319,0.705083437480601,-0.841071363806045,0.277145473520378,-0.852103784609621
"BORR_01036",0,0.146117211113974,0.0919789645941921,-0.130337798744024,-0.0141663669819817,-3.43458207467692,-0.0800626615800131,-0.592752218784067
"BORR_01037",0,-0.497699848459965,0.037832601224235,0.00771107355031319,-0.341800490445478,-3.43458207467692,-0.0800626615800131,0.151602895919437
"BORR_01038",0,0.146117211113974,0.037832601224235,0.00771107355031319,0.0180652842540769,-0.841071363806045,-0.0800626615800131,-0.23440715863823
"BORR_01039",0,0.187914339792435,0.0919789645941921,0.185207978194692,-0.719557128647638,-0.841071363806045,0.288768313348371,0.312929674010676
"BORR_01040",0,-0.497699848459965,0.037832601224235,0.00771107355031319,-0.136391544057586,-0.841071363806045,0.233660361580639,-0.23440715863823
"BORR_01041",0,-0.497699848459965,0.0919789645941921,0.185207978194692,-0.136391544057586,-3.43458207467692,0.00496758760456228,0.151602895919437
"BORR_01042",0,0.146117211113974,0.037832601224235,0.00771107355031319,-0.719557128647638,-0.841071363806045,0.288768313348371,0.151602895919437
"BORR_01043",0,0.187914339792435,-0.44318444163337,0.00771107355031319,-0.136391544057586,-0.841071363806045,-0.0800626615800131,0.435750503697017
"BORR_01044",0,0.146117211113974,-0.44318444163337,0.00771107355031319,0.0180652842540769,-3.43458207467692,-0.0800626615800131,0.151602895919437
"BORR_01045",0,0.146117211113974,0.037832601224235,0.337310430883764,0.0180652842540769,-3.43458207467692,-0.0729896135779528,-0.253221305452448
"BORR_01046",0,0.146117211113974,0.037832601224235,0.185207978194692,-0.136391544057586,-3.43458207467692,0.00496758760456228,-0.253221305452448
"BORR_01047",0,0.146117211113974,0.037832601224235,0.337310430883764,0.0180652842540769,-3.43458207467692,0.00496758760456228,0.151602895919437
"BORR_01048",0,-0.497699848459965,0.037832601224235,0.00771107355031319,0.397035991516326,1.51020054308605,0.00496758760456228,0.435750503697017
"BORR_01049",0,0.146117211113974,-0.44318444163337,-0.507939202365253,-0.341800490445478,-3.43458207467692,0.00496758760456228,0.151602895919437
"BORR_01050",0,-0.0978146070384635,0.037832601224235,0.337310430883764,-0.136391544057586,-3.43458207467692,-0.0729896135779528,-0.253221305452448
"BORR_01051",0,0.146117211113974,0.037832601224235,0.185207978194692,0.0180652842540769,-3.43458207467692,0.00496758760456228,0.259859837233353
"BORR_01052",0,0.146117211113974,0.0919789645941921,0.00771107355031319,-0.136391544057586,-3.43458207467692,0.00496758760456228,-0.23440715863823
"BORR_01053",0,-0.497699848459965,-0.44318444163337,-0.54507874931471,0.0180652842540769,-3.43458207467692,0.00496758760456228,-0.592752218784067
"BORR_01055",0,0.146117211113974,0.0919789645941921,0.00771107355031319,-0.0141663669819817,-3.43458207467692,0.00496758760456228,0.435750503697017
"BORR_01056",0,0.146117211113974,0.037832601224235,0.00771107355031319,-0.136391544057586,0.656293273311169,-0.0729896135779528,0.435750503697017
"BORR_01057",0,-0.497699848459965,0.037832601224235,0.00771107355031319,-0.0141663669819817,-0.841071363806045,0.00496758760456228,-0.23440715863823
"BORR_01058",0,-0.497699848459965,0.0919789645941921,-0.507939202365253,0.18935009021854,-3.43458207467692,0.233660361580639,-0.23440715863823
"BORR_01059",0,0.146117211113974,0.0919789645941921,0.00771107355031319,-0.0141663669819817,1.51020054308605,-0.411547356690187,0.151602895919437
"BORR_01060",0,0.146117211113974,-0.44318444163337,-0.507939202365253,0.0180652842540769,-3.43458207467692,-0.0800626615800131,0.151602895919437
"BORR_01061",0,-0.497699848459965,0.037832601224235,0.00771107355031319,0.397035991516326,-3.43458207467692,-0.0800626615800131,0.435750503697017
"BORR_01062",0,0.146117211113974,0.037832601224235,-1.38340793971915,0.0180652842540769,-3.43458207467692,0.233660361580639,-0.592752218784067
"BORR_01063",0,0.146117211113974,0.037832601224235,-0.54507874931471,0.0180652842540769,-3.43458207467692,0.00496758760456228,-0.23440715863823
"BORR_01064",0,0.187914339792435,0.037832601224235,-0.54507874931471,0.0180652842540769,-3.43458207467692,-0.300216674045857,0.312929674010676
"BORR_01065",0,-0.497699848459965,0.037832601224235,0.00771107355031319,0.18935009021854,-0.841071363806045,0.277145473520378,0.151602895919437
"BORR_01066",0,0.146117211113974,0.0919789645941921,0.00771107355031319,-0.341800490445478,-0.841071363806045,-0.0800626615800131,0.151602895919437
"BORR_01067",0,0.146117211113974,0.037832601224235,0.00771107355031319,0.705083437480601,-3.43458207467692,-0.0729896135779528,0.151602895919437
"BORR_01068",0,0.146117211113974,-0.44318444163337,-0.130337798744024,-0.136391544057586,-3.43458207467692,-0.0800626615800131,0.259859837233353
"BORR_01069",0,-0.0978146070384635,0.037832601224235,-0.130337798744024,-0.0141663669819817,-0.841071363806045,-0.0800626615800131,-0.592752218784067
"BORR_01070",0,-0.0978146070384635,0.037832601224235,0.185207978194692,-0.341800490445478,-3.43458207467692,-0.0729896135779528,-0.852103784609621
"BORR_01071",1,0.187914339792435,-0.44318444163337,0.185207978194692,0.0180652842540769,1.51020054308605,-0.0729896135779528,0.151602895919437
"BORR_01072",0,-0.0978146070384635,0.0919789645941921,0.00771107355031319,-0.341800490445478,-3.43458207467692,0.233660361580639,-0.23440715863823
"BORR_01073",0,-0.0978146070384635,0.037832601224235,-0.54507874931471,0.0180652842540769,-3.43458207467692,-0.0800626615800131,-0.253221305452448
"BORR_01074",0,0.146117211113974,0.037832601224235,0.00771107355031319,-0.719557128647638,-0.841071363806045,-0.0800626615800131,0.312929674010676
"BORR_01075",0,-0.497699848459965,0.037832601224235,-0.507939202365253,0.0180652842540769,1.51020054308605,0.00496758760456228,0.312929674010676
"BORR_01076",0,0.146117211113974,0.037832601224235,-1.38340793971915,0.0180652842540769,-0.841071363806045,-0.411547356690187,-0.852103784609621
"BORR_01077",0,0.146117211113974,-0.44318444163337,0.638875188120734,0.0180652842540769,-3.43458207467692,-0.0729896135779528,-0.253221305452448
"BORR_01078",0,0.146117211113974,0.037832601224235,0.337310430883764,-0.136391544057586,-3.43458207467692,-0.0800626615800131,0.151602895919437
"BORR_01079",0,0.146117211113974,-0.44318444163337,0.00771107355031319,-0.341800490445478,-3.43458207467692,-0.0729896135779528,0.151602895919437
"BORR_01080",1,0.146117211113974,0.0919789645941921,0.337310430883764,0.18935009021854,1.51020054308605,0.233660361580639,0.151602895919437
"BORR_01081",0,0.146117211113974,0.037832601224235,-1.38340793971915,-0.136391544057586,-0.841071363806045,-0.300216674045857,-0.23440715863823
"BORR_01082",0,0.146117211113974,0.037832601224235,0.00771107355031319,-0.136391544057586,-3.43458207467692,-0.0729896135779528,0.312929674010676
"BORR_01083",0,0.146117211113974,0.037832601224235,0.00771107355031319,0.18935009021854,-3.43458207467692,-0.411547356690187,0.151602895919437
"BORR_01084",0,0.146117211113974,0.037832601224235,0.185207978194692,0.0180652842540769,0.656293273311169,0.233660361580639,-0.23440715863823
"BORR_01085",0,0.146117211113974,0.0919789645941921,-0.130337798744024,-0.136391544057586,-0.841071363806045,0.288768313348371,-0.852103784609621
"BORR_01086",0,0.146117211113974,0.037832601224235,0.185207978194692,0.0180652842540769,-3.43458207467692,0.00496758760456228,0.312929674010676
"BORR_01087",0,0.146117211113974,0.037832601224235,0.00771107355031319,0.18935009021854,-3.43458207467692,-0.411547356690187,-0.23440715863823
"BORR_01088",0,0.146117211113974,0.037832601224235,0.337310430883764,0.18935009021854,-3.43458207467692,-0.0729896135779528,0.312929674010676
"BORR_01089",1,0.187914339792435,0.037832601224235,-1.38340793971915,-0.136391544057586,1.51020054308605,0.00496758760456228,0.435750503697017
"BORR_01090",0,-0.497699848459965,0.037832601224235,0.00771107355031319,-0.341800490445478,-0.841071363806045,0.00496758760456228,0.435750503697017
"BORR_01091",0,0.187914339792435,0.037832601224235,-0.130337798744024,-0.341800490445478,-0.841071363806045,-0.0729896135779528,0.259859837233353
"BORR_01092",0,-0.0978146070384635,0.037832601224235,0.638875188120734,-0.719557128647638,1.51020054308605,0.00496758760456228,0.435750503697017
"BORR_01093",0,0.187914339792435,0.037832601224235,0.00771107355031319,0.705083437480601,-3.43458207467692,0.233660361580639,0.151602895919437
"BORR_01094",0,-0.0978146070384635,-0.44318444163337,0.337310430883764,0.0180652842540769,1.51020054308605,-0.0729896135779528,-0.852103784609621
"BORR_01095",1,0.146117211113974,0.037832601224235,0.185207978194692,-0.341800490445478,-0.841071363806045,-0.0800626615800131,-0.852103784609621
"BORR_01096",1,0.146117211113974,0.037832601224235,0.00771107355031319,-0.719557128647638,0.656293273311169,0.233660361580639,-0.852103784609621
"BORR_01097",1,-0.497699848459965,0.037832601224235,0.00771107355031319,0.705083437480601,1.51020054308605,-0.411547356690187,0.435750503697017
"BORR_01098",0,0.146117211113974,0.037832601224235,0.638875188120734,-0.0141663669819817,-0.841071363806045,0.233660361580639,0.259859837233353
"BORR_01099",1,0.146117211113974,0.0919789645941921,0.337310430883764,0.705083437480601,1.51020054308605,0.288768313348371,0.435750503697017
"BORR_01100",1,0.146117211113974,0.0919789645941921,0.185207978194692,-0.0141663669819817,1.51020054308605,-0.0729896135779528,0.151602895919437
"BORR_01101",0,0.146117211113974,0.037832601224235,-0.507939202365253,-0.136391544057586,-3.43458207467692,-0.0729896135779528,0.259859837233353
"BORR_01102",0,0.146117211113974,0.0919789645941921,-0.507939202365253,0.18935009021854,1.51020054308605,0.233660361580639,0.151602895919437
"BORR_01103",1,-0.497699848459965,0.037832601224235,0.337310430883764,0.18935009021854,1.51020054308605,0.233660361580639,0.151602895919437
"BORR_01104",0,0.146117211113974,0.037832601224235,0.185207978194692,-0.341800490445478,-3.43458207467692,-0.0729896135779528,-0.852103784609621
"BORR_01105",0,-0.0978146070384635,0.037832601224235,-1.38340793971915,-0.136391544057586,-3.43458207467692,0.00496758760456228,0.151602895919437
"BORR_01106",0,0.187914339792435,0.037832601224235,0.185207978194692,0.0180652842540769,-3.43458207467692,0.233660361580639,0.312929674010676
"BORR_01107",1,0.146117211113974,-0.44318444163337,0.00771107355031319,0.0180652842540769,1.51020054308605,-0.0800626615800131,0.259859837233353
"BORR_01108",0,0.146117211113974,0.0919789645941921,-1.38340793971915,0.397035991516326,-3.43458207467692,0.00496758760456228,0.312929674010676
"BORR_01109",0,0.187914339792435,0.037832601224235,0.00771107355031319,0.0180652842540769,-3.43458207467692,0.233660361580639,0.151602895919437
"BORR_01110",0,-0.0978146070384635,0.037832601224235,0.337310430883764,0.0180652842540769,-3.43458207467692,0.00496758760456228,-0.23440715863823
"BORR_01111",0,0.146117211113974,0.037832601224235,0.00771107355031319,0.0180652842540769,-3.43458207467692,-0.0729896135779528,0.435750503697017
"BORR_01112",1,0.187914339792435,0.0919789645941921,0.185207978194692,-0.0141663669819817,1.51020054308605,-0.411547356690187,-0.253221305452448
"BORR_01113",0,0.146117211113974,0.037832601224235,0.638875188120734,0.0180652842540769,-0.841071363806045,-0.0800626615800131,0.435750503697017
"BORR_01114",0,0.146117211113974,0.0919789645941921,0.185207978194692,-0.136391544057586,-3.43458207467692,-0.0800626615800131,0.151602895919437
"BORR_01115",0,0.146117211113974,-0.44318444163337,-0.507939202365253,-0.0141663669819817,-0.841071363806045,-0.0800626615800131,-0.253221305452448
"BORR_01116",0,0.146117211113974,0.037832601224235,0.638875188120734,-0.136391544057586,-0.841071363806045,0.00496758760456228,0.435750503697017
"BORR_01117",0,0.146117211113974,-0.44318444163337,0.00771107355031319,0.705083437480601,-3.43458207467692,0.288768313348371,0.151602895919437
"BORR_01118",0,0.146117211113974,0.0919789645941921,0.00771107355031319,-0.136391544057586,1.51020054308605,0.288768313348371,-0.592752218784067
"BORR_01119",0,0.146117211113974,0.037832601224235,-1.38340793971915,-0.136391544057586,-0.841071363806045,0.00496758760456228,-0.23440715863823
"BORR_01120",1,0.187914339792435,0.037832601224235,0.337310430883764,-0.136391544057586,-0.841071363806045,-0.0800626615800131,0.151602895919437
"BORR_01121",0,-0.497699848459965,0.0919789645941921,0.185207978194692,-0.136391544057586,-3.43458207467692,-0.0729896135779528,-0.592752218784067
"BORR_01122",0,-0.0978146070384635,0.037832601224235,0.00771107355031319,0.0180652842540769,-3.43458207467692,-0.0729896135779528,0.151602895919437
"BORR_01123",0,-0.0978146070384635,0.0919789645941921,0.638875188120734,0.0180652842540769,-3.43458207467692,0.00496758760456228,-0.23440715863823
"BORR_01124",0,0.146117211113974,0.037832601224235,0.00771107355031319,0.0180652842540769,-3.43458207467692,-0.0800626615800131,-0.852103784609621
"BORR_01125",1,0.146117211113974,0.037832601224235,0.00771107355031319,0.0180652842540769,1.51020054308605,-0.0729896135779528,-0.592752218784067
"BORR_01126",1,-0.0978146070384635,0.0919789645941921,-0.130337798744024,-0.0141663669819817,1.51020054308605,0.00496758760456228,-0.592752218784067
"BORR_01127",0,-0.0978146070384635,0.037832601224235,-0.54507874931471,-0.136391544057586,-3.43458207467692,-0.411547356690187,0.151602895919437
"BORR_01128",0,-0.497699848459965,0.037832601224235,0.185207978194692,-0.341800490445478,-3.43458207467692,-0.300216674045857,0.151602895919437
"BORR_01129",0,0.146117211113974,0.037832601224235,0.00771107355031319,-0.341800490445478,-3.43458207467692,-0.0729896135779528,0.151602895919437
"BORR_01130",0,0.146117211113974,-0.44318444163337,0.185207978194692,-0.136391544057586,-0.841071363806045,0.277145473520378,0.259859837233353
"BORR_01131",0,0.146117211113974,0.037832601224235,-0.130337798744024,-0.341800490445478,-3.43458207467692,0.288768313348371,0.259859837233353
"BORR_01132",1,0.146117211113974,-0.44318444163337,0.00771107355031319,0.18935009021854,1.51020054308605,0.00496758760456228,0.312929674010676
"BORR_01133",1,-0.0978146070384635,0.037832601224235,-0.54507874931471,-0.136391544057586,1.51020054308605,-0.0729896135779528,0.151602895919437
"BORR_01134",0,0.146117211113974,0.037832601224235,0.00771107355031319,0.0180652842540769,0.656293273311169,-0.0729896135779528,-0.23440715863823
"BORR_01135",0,-0.497699848459965,0.037832601224235,0.00771107355031319,0.0180652842540769,1.51020054308605,-0.0729896135779528,0.259859837233353
"BORR_01136",0,0.146117211113974,0.037832601224235,0.00771107355031319,-0.719557128647638,-3.43458207467692,0.233660361580639,0.259859837233353
"BORR_01137",0,-0.497699848459965,0.037832601224235,0.00771107355031319,-0.136391544057586,-3.43458207467692,-0.0800626615800131,-0.253221305452448
"BORR_01138",0,0.146117211113974,0.037832601224235,-0.130337798744024,-0.136391544057586,-3.43458207467692,0.00496758760456228,0.151602895919437
"BORR_01139",0,0.146117211113974,0.037832601224235,-0.130337798744024,0.397035991516326,-3.43458207467692,0.288768313348371,0.151602895919437
"BORR_01140",0,0.146117211113974,0.037832601224235,-1.38340793971915,-0.136391544057586,1.51020054308605,-0.300216674045857,-0.23440715863823
"BORR_01141",0,0.146117211113974,0.037832601224235,-0.130337798744024,-0.0141663669819817,-3.43458207467692,-0.0800626615800131,0.435750503697017
"BORR_01142",0,0.146117211113974,0.037832601224235,-0.507939202365253,0.0180652842540769,-3.43458207467692,0.288768313348371,0.151602895919437
"BORR_01143",1,-0.0978146070384635,0.037832601224235,0.638875188120734,0.0180652842540769,1.51020054308605,0.00496758760456228,0.151602895919437
"BORR_01144",0,0.146117211113974,0.037832601224235,-0.507939202365253,0.397035991516326,1.51020054308605,0.00496758760456228,0.151602895919437
"BORR_01145",0,0.146117211113974,0.037832601224235,0.185207978194692,0.0180652842540769,-3.43458207467692,-0.0800626615800131,-0.23440715863823
"BORR_01146",0,0.187914339792435,0.037832601224235,0.185207978194692,0.0180652842540769,-3.43458207467692,0.00496758760456228,0.151602895919437
"BORR_01147",0,0.187914339792435,0.037832601224235,0.00771107355031319,0.0180652842540769,0.656293273311169,-0.0729896135779528,-0.592752218784067
"BORR_01148",1,0.146117211113974,0.037832601224235,0.337310430883764,0.397035991516326,1.51020054308605,0.288768313348371,0.259859837233353
"BORR_01149",0,-0.0978146070384635,0.037832601224235,0.00771107355031319,-0.136391544057586,0.656293273311169,-0.0729896135779528,-0.592752218784067
"BORR_01150",0,0.146117211113974,-0.44318444163337,0.185207978194692,-0.341800490445478,0.656293273311169,0.233660361580639,0.312929674010676
"BORR_01151",0,0.146117211113974,-0.44318444163337,0.00771107355031319,0.705083437480601,-3.43458207467692,0.00496758760456228,0.151602895919437
"BORR_01152",1,0.146117211113974,-0.44318444163337,-0.54507874931471,0.397035991516326,-0.841071363806045,0.233660361580639,0.312929674010676
"BORR_01153",0,-0.0978146070384635,0.037832601224235,0.00771107355031319,0.18935009021854,-0.841071363806045,-0.0800626615800131,-0.23440715863823
"BORR_01154",0,0.146117211113974,0.037832601224235,0.00771107355031319,-0.341800490445478,1.51020054308605,0.00496758760456228,-0.852103784609621
"BORR_01155",0,-0.497699848459965,-0.44318444163337,0.00771107355031319,0.0180652842540769,1.51020054308605,-0.0729896135779528,-0.592752218784067
"BORR_01156",0,0.146117211113974,0.0919789645941921,0.185207978194692,-0.341800490445478,-3.43458207467692,0.00496758760456228,-0.592752218784067
"BORR_01157",0,0.146117211113974,0.037832601224235,-0.507939202365253,-0.719557128647638,-3.43458207467692,-0.0729896135779528,-0.253221305452448
"BORR_01158",1,-0.497699848459965,0.037832601224235,0.00771107355031319,0.705083437480601,1.51020054308605,0.277145473520378,-0.253221305452448
"BORR_01159",0,-0.0978146070384635,0.037832601224235,0.638875188120734,0.0180652842540769,-3.43458207467692,0.00496758760456228,0.151602895919437
"BORR_01160",0,-0.497699848459965,0.0919789645941921,-1.38340793971915,0.0180652842540769,-0.841071363806045,-0.300216674045857,0.151602895919437
"BORR_01161",0,0.187914339792435,0.037832601224235,0.185207978194692,-0.341800490445478,1.51020054308605,0.00496758760456228,0.259859837233353
"BORR_01162",0,0.146117211113974,0.037832601224235,0.185207978194692,0.0180652842540769,-0.841071363806045,-0.0800626615800131,-0.253221305452448
"BORR_01163",1,0.146117211113974,0.0919789645941921,0.638875188120734,0.0180652842540769,0.656293273311169,0.00496758760456228,0.435750503697017
"BORR_01164",0,-0.497699848459965,0.037832601224235,-0.54507874931471,0.0180652842540769,-3.43458207467692,0.233660361580639,-0.23440715863823
"BORR_01165",0,0.146117211113974,0.037832601224235,0.638875188120734,-0.719557128647638,-0.841071363806045,-0.0729896135779528,-0.23440715863823
"BORR_01166",0,0.146117211113974,0.037832601224235,0.00771107355031319,0.18935009021854,-0.841071363806045,0.00496758760456228,-0.852103784609621
"BORR_01167",0,0.146117211113974,-0.44318444163337,0.00771107355031319,-0.341800490445478,-3.43458207467692,-0.0729896135779528,0.259859837233353
"BORR_01168",0,-0.497699848459965,0.037832601224235,0.185207978194692,-0.136391544057586,-3.43458207467692,0.00496758760456228,-0.592752218784067
"BORR_01169",0,0.187914339792435,0.037832601224235,0.337310430883764,0.0180652842540769,-3.43458207467692,0.00496758760456228,0.312929674010676
"BORR_01170",0,0.146117211113974,-0.44318444163337,0.00771107355031319,-0.136391544057586,-3.43458207467692,0.00496758760456228,-0.23440715863823
"BORR_01171",0,-0.497699848459965,-0.44318444163337,0.638875188120734,-0.341800490445478,-0.841071363806045,0.00496758760456228,-0.852103784609621
"BORR_01172",0,-0.497699848459965,0.037832601224235,0.337310430883764,0.0180652842540769,-3.43458207467692,-0.411547356690187,0.435750503697017
"BORR_01173",0,0.146117211113974,0.0919789645941921,0.638875188120734,-0.136391544057586,1.51020054308605,-0.0800626615800131,-0.23440715863823
"BORR_01174",0,-0.0978146070384635,0.0919789645941921,0.00771107355031319,-0.136391544057586,1.51020054308605,-0.300216674045857,0.151602895919437
"BORR_01175",0,-0.0978146070384635,-0.44318444163337,0.185207978194692,-0.136391544057586,-0.841071363806045,-0.0800626615800131,0.151602895919437
"BORR_01176",0,-0.0978146070384635,0.037832601224235,0.00771107355031319,0.0180652842540769,-3.43458207467692,0.233660361580639,-0.852103784609621
"BORR_01177",0,0.146117211113974,0.037832601224235,0.185207978194692,-0.719557128647638,-0.841071363806045,-0.0729896135779528,0.259859837233353
"BORR_01178",0,0.146117211113974,0.037832601224235,0.638875188120734,-0.719557128647638,-3.43458207467692,-0.0800626615800131,-0.23440715863823
"BORR_01179",0,0.146117211113974,0.037832601224235,0.185207978194692,0.0180652842540769,0.656293273311169,-0.300216674045857,0.151602895919437
"BORR_01180",0,0.146117211113974,0.037832601224235,0.00771107355031319,0.705083437480601,1.51020054308605,-0.300216674045857,-0.23440715863823
"BORR_01181",0,0.146117211113974,0.037832601224235,0.00771107355031319,0.0180652842540769,-0.841071363806045,0.00496758760456228,-0.592752218784067
"BORR_01182",0,-0.0978146070384635,0.037832601224235,0.00771107355031319,-0.719557128647638,-3.43458207467692,-0.0729896135779528,-0.23440715863823
"BORR_01183",0,0.146117211113974,0.037832601224235,0.185207978194692,-0.341800490445478,-3.43458207467692,0.277145473520378,0.151602895919437
"BORR_01184",0,0.187914339792435,0.037832601224235,-0.507939202365253,0.0180652842540769,-3.43458207467692,0.00496758760456228,-0.852103784609621
"BORR_01185",0,-0.0978146070384635,-0.44318444163337,0.185207978194692,0.0180652842540769,-3.43458207467692,0.233660361580639,-0.852103784609621
"BORR_01186",0,-0.497699848459965,0.037832601224235,0.337310430883764,0.0180652842540769,-3.43458207467692,0.00496758760456228,0.151602895919437
"BORR_01187",0,0.146117211113974,0.037832601224235,0.00771107355031319,-0.341800490445478,0.656293273311169,-0.0729896135779528,0.151602895919437
"BORR_01188",0,0.146117211113974,0.0919789645941921,0.00771107355031319,0.0180652842540769,-0.841071363806045,-0.0800626615800131,-0.23440715863823
"BORR_01189",0,0.146117211113974,0.037832601224235,0.185207978194692,-0.719557128647638,-0.841071363806045,0.288768313348371,-0.23440715863823
"BORR_01190",0,-0.497699848459965,0.0919789645941921,0.00771107355031319,0.18935009021854,-3.43458207467692,0.00496758760456228,-0.23440715863823
"BORR_01191",0,0.146117211113974,0.0919789645941921,0.185207978194692,-0.136391544057586,-0.841071363806045,-0.411547356690187,-0.23440715863823
"BORR_01192",1,0.146117211113974,0.037832601224235,0.00771107355031319,0.0180652842540769,1.51020054308605,0.00496758760456228,-0.592752218784067
"BORR_01193",1,0.146117211113974,0.0919789645941921,0.337310430883764,0.705083437480601,1.51020054308605,0.233660361580639,-0.592752218784067
"BORR_01194",0,0.146117211113974,0.037832601224235,-0.507939202365253,0.397035991516326,-3.43458207467692,-0.0800626615800131,0.151602895919437
"BORR_01195",0,-0.0978146070384635,0.037832601224235,0.00771107355031319,0.0180652842540769,-3.43458207467692,0.233660361580639,0.151602895919437
"BORR_01196",0,-0.0978146070384635,0.037832601224235,-1.38340793971915,0.0180652842540769,-3.43458207467692,-0.0800626615800131,-0.23440715863823
"BORR_01197",0,0.146117211113974,0.037832601224235,0.337310430883764,-0.719557128647638,1.51020054308605,-0.0800626615800131,0.151602895919437
"BORR_01198",0,0.146117211113974,-0.44318444163337,0.00771107355031319,0.397035991516326,-0.841071363806045,0.00496758760456228,0.312929674010676
"BORR_01199",0,0.146117211113974,0.037832601224235,0.00771107355031319,0.0180652842540769,-0.841071363806045,0.233660361580639,-0.253221305452448
"BORR_01200",0,0.146117211113974,0.037832601224235,0.185207978194692,0.0180652842540769,-3.43458207467692,-0.411547356690187,-0.253221305452448
"BORR_01201",0,-0.497699848459965,0.037832601224235,0.337310430883764,0.0180652842540769,1.51020054308605,-0.0729896135779528,-0.253221305452448
"BORR_01202",0,0.146117211113974,0.037832601224235,0.185207978194692,-0.719557128647638,-3.43458207467692,0.00496758760456228,-0.592752218784067
"BORR_01203",0,0.146117211113974,0.037832601224235,-0.130337798744024,0.0180652842540769,-3.43458207467692,0.00496758760456228,-0.253221305452448
"BORR_01204",0,-0.497699848459965,0.037832601224235,0.185207978194692,0.0180652842540769,-3.43458207467692,0.00496758760456228,0.151602895919437
"BORR_01205",0,-0.0978146070384635,0.0919789645941921,0.00771107355031319,-0.341800490445478,1.51020054308605,0.00496758760456228,0.151602895919437
"BORR_01206",0,-0.497699848459965,0.037832601224235,0.337310430883764,0.0180652842540769,-3.43458207467692,0.00496758760456228,-0.852103784609621
"BORR_01207",0,-0.497699848459965,0.037832601224235,0.00771107355031319,0.0180652842540769,-0.841071363806045,0.00496758760456228,0.151602895919437
"BORR_01208",0,0.146117211113974,0.037832601224235,0.00771107355031319,0.0180652842540769,-3.43458207467692,0.288768313348371,0.312929674010676
"BORR_01209",0,-0.497699848459965,0.037832601224235,0.00771107355031319,0.0180652842540769,-0.841071363806045,0.233660361580639,-0.23440715863823
"BORR_01210",0,-0.497699848459965,-0.44318444163337,0.638875188120734,0.705083437480601,-3.43458207467692,-0.411547356690187,-0.852103784609621
"BORR_01211",0,0.146117211113974,0.037832601224235,0.185207978194692,-0.0141663669819817,-3.43458207467692,-0.0729896135779528,0.151602895919437
"BORR_01212",0,0.146117211113974,0.037832601224235,-0.130337798744024,-0.136391544057586,-0.841071363806045,0.277145473520378,-0.23440715863823
"BORR_01213",0,-0.0978146070384635,0.037832601224235,-0.54507874931471,0.0180652842540769,-0.841071363806045,-0.0800626615800131,0.151602895919437
"BORR_01214",0,0.187914339792435,0.0919789645941921,0.00771107355031319,-0.136391544057586,1.51020054308605,-0.0729896135779528,-0.253221305452448
"BORR_01215",0,0.146117211113974,0.037832601224235,0.337310430883764,-0.136391544057586,-3.43458207467692,0.00496758760456228,0.151602895919437
"BORR_01216",0,-0.497699848459965,0.037832601224235,0.337310430883764,-0.341800490445478,-3.43458207467692,-0.300216674045857,-0.23440715863823
"BORR_01217",0,0.146117211113974,0.0919789645941921,-0.507939202365253,0.0180652842540769,-3.43458207467692,0.00496758760456228,0.151602895919437
"BORR_01218",0,-0.497699848459965,0.037832601224235,0.185207978194692,0.0180652842540769,-3.43458207467692,0.288768313348371,0.151602895919437
"BORR_01219",0,-0.497699848459965,-0.44318444163337,0.00771107355031319,0.18935009021854,-3.43458207467692,0.00496758760456228,0.259859837233353
"BORR_01220",0,0.146117211113974,0.0919789645941921,0.00771107355031319,-0.341800490445478,-0.841071363806045,0.00496758760456228,0.151602895919437
"BORR_01221",0,0.146117211113974,0.037832601224235,0.00771107355031319,-0.341800490445478,-0.841071363806045,0.00496758760456228,-0.852103784609621
"BORR_01222",0,0.146117211113974,0.037832601224235,0.00771107355031319,-0.0141663669819817,-0.841071363806045,-0.0729896135779528,0.151602895919437
"BORR_01223",0,0.146117211113974,0.037832601224235,0.00771107355031319,-0.136391544057586,-3.43458207467692,-0.0800626615800131,0.435750503697017
"BORR_01224",0,0.146117211113974,0.037832601224235,-0.54507874931471,0.705083437480601,-0.841071363806045,-0.0729896135779528,0.259859837233353
"BORR_01225",0,0.146117211113974,0.037832601224235,0.00771107355031319,0.0180652842540769,-3.43458207467692,0.00496758760456228,0.151602895919437
"BORR_01226",0,-0.497699848459965,0.037832601224235,0.00771107355031319,0.0180652842540769,1.51020054308605,0.00496758760456228,0.435750503697017
"BORR_01227",0,0.146117211113974,0.037832601224235,0.185207978194692,-0.0141663669819817,1.51020054308605,0.00496758760456228,-0.253221305452448
"BORR_01228",0,-0.497699848459965,0.0919789645941921,0.337310430883764,0.397035991516326,-3.43458207467692,-0.0800626615800131,0.151602895919437
"BORR_01229",0,-0.497699848459965,0.037832601224235,0.00771107355031319,-0.136391544057586,-0.841071363806045,-0.0729896135779528,0.151602895919437
"BORR_01230",0,0.187914339792435,0.037832601224235,-0.54507874931471,-0.136391544057586,-3.43458207467692,0.277145473520378,0.435750503697017
"BORR_01231",0,-0.497699848459965,0.037832601224235,-0.54507874931471,-0.136391544057586,-3.43458207467692,-0.300216674045857,-0.592752218784067
"BORR_01232",0,0.146117211113974,0.037832601224235,0.00771107355031319,0.397035991516326,1.51020054308605,-0.0800626615800131,0.259859837233353
"BORR_01233",0,0.187914339792435,0.0919789645941921,0.00771107355031319,-0.341800490445478,1.51020054308605,0.233660361580639,0.435750503697017
"BORR_01234",0,0.146117211113974,0.037832601224235,0.00771107355031319,0.705083437480601,-3.43458207467692,0.00496758760456228,-0.852103784609621
"BORR_01235",0,0.146117211113974,0.037832601224235,-0.54507874931471,0.397035991516326,-0.841071363806045,-0.0800626615800131,0.151602895919437
"BORR_01236",0,0.146117211113974,0.037832601224235,-0.507939202365253,0.0180652842540769,-3.43458207467692,-0.0800626615800131,-0.592752218784067
"BORR_01237",0,0.187914339792435,0.037832601224235,-0.54507874931471,0.0180652842540769,-0.841071363806045,0.00496758760456228,0.435750503697017
"BORR_01238",1,0.187914339792435,0.037832601224235,0.00771107355031319,0.0180652842540769,-0.841071363806045,0.277145473520378,-0.23440715863823
"BORR_01239",0,-0.0978146070384635,0.037832601224235,0.185207978194692,0.0180652842540769,1.51020054308605,-0.300216674045857,0.312929674010676
"BORR_01240",1,0.146117211113974,0.037832601224235,0.185207978194692,-0.341800490445478,1.51020054308605,-0.0800626615800131,0.259859837233353
"BORR_01241",0,0.146117211113974,-0.44318444163337,0.00771107355031319,-0.136391544057586,-0.841071363806045,0.233660361580639,0.312929674010676
"BORR_01242",0,0.187914339792435,0.037832601224235,0.337310430883764,0.0180652842540769,-0.841071363806045,0.233660361580639,0.151602895919437
"BORR_01243",0,0.146117211113974,0.037832601224235,-0.54507874931471,-0.719557128647638,-3.43458207467692,0.233660361580639,0.151602895919437
"BORR_01244",0,-0.0978146070384635,0.037832601224235,0.00771107355031319,-0.136391544057586,-0.841071363806045,-0.0729896135779528,0.151602895919437
"BORR_01245",0,-0.0978146070384635,0.0919789645941921,-0.507939202365253,-0.341800490445478,1.51020054308605,-0.0800626615800131,-0.592752218784067
"BORR_01246",1,-0.497699848459965,0.0919789645941921,0.00771107355031319,-0.341800490445478,0.656293273311169,0.277145473520378,0.435750503697017
"BORR_01247",1,0.146117211113974,0.037832601224235,0.00771107355031319,0.705083437480601,1.51020054308605,0.00496758760456228,0.151602895919437
"BORR_01248",0,0.146117211113974,0.037832601224235,-0.130337798744024,-0.136391544057586,-3.43458207467692,-0.411547356690187,-0.592752218784067
"BORR_01249",0,0.146117211113974,0.037832601224235,0.00771107355031319,-0.341800490445478,1.51020054308605,0.00496758760456228,0.435750503697017
"BORR_01250",0,-0.497699848459965,0.037832601224235,0.185207978194692,-0.719557128647638,1.51020054308605,-0.0729896135779528,0.151602895919437
"BORR_01251",0,0.146117211113974,0.037832601224235,0.337310430883764,-0.341800490445478,-3.43458207467692,-0.411547356690187,0.151602895919437
"BORR_01252",0,0.146117211113974,0.037832601224235,-0.54507874931471,-0.136391544057586,0.656293273311169,0.00496758760456228,-0.253221305452448
"BORR_01253",1,-0.0978146070384635,0.0919789645941921,0.185207978194692,-0.136391544057586,0.656293273311169,0.233660361580639,0.151602895919437
"BORR_01254",0,0.146117211113974,0.037832601224235,0.638875188120734,0.0180652842540769,-0.841071363806045,0.233660361580639,-0.852103784609621
"BORR_01255",0,-0.0978146070384635,0.037832601224235,0.00771107355031319,0.0180652842540769,1.51020054308605,-0.0729896135779528,-0.23440715863823
"BORR_01256",0,0.187914339792435,-0.44318444163337,0.337310430883764,0.0180652842540769,-3.43458207467692,-0.0729896135779528,-0.592752218784067
"BORR_01257",0,0.187914339792435,0.037832601224235,0.00771107355031319,0.397035991516326,0.656293273311169,0.00496758760456228,0.151602895919437
"BORR_01258",0,0.146117211113974,0.037832601224235,0.185207978194692,0.0180652842540769,-3.43458207467692,0.00496758760456228,0.435750503697017
"BORR_01259",0,-0.497699848459965,0.037832601224235,0.00771107355031319,-0.136391544057586,0.656293273311169,-0.411547356690187,-0.23440715863823
"BORR_01260",0,-0.0978146070384635,0.037832601224235,0.00771107355031319,-0.341800490445478,-3.43458207467692,-0.0729896135779528,0.435750503697017
"BORR_01261",0,0.146117211113974,0.037832601224235,0.00771107355031319,-0.719557128647638,-3.43458207467692,-0.0729896135779528,0.151602895919437
"BORR_01262",0,0.146117211113974,0.0919789645941921,0.00771107355031319,-0.136391544057586,-0.841071363806045,0.00496758760456228,0.151602895919437
"BORR_01263",0,0.187914339792435,0.037832601224235,-0.54507874931471,-0.341800490445478,-3.43458207467692,0.00496758760456228,-0.253221305452448
"BORR_01264",0,0.146117211113974,0.037832601224235,-0.507939202365253,-0.719557128647638,1.51020054308605,0.00496758760456228,-0.592752218784067
"BORR_01265",0,0.146117211113974,0.0919789645941921,0.00771107355031319,0.397035991516326,-3.43458207467692,-0.0800626615800131,-0.23440715863823
"BORR_01266",0,0.146117211113974,0.0919789645941921,0.00771107355031319,-0.136391544057586,-3.43458207467692,0.00496758760456228,0.259859837233353
"BORR_01267",0,-0.0978146070384635,0.037832601224235,0.00771107355031319,0.0180652842540769,-3.43458207467692,-0.0800626615800131,-0.253221305452448
"BORR_01268",0,0.146117211113974,0.037832601224235,0.00771107355031319,0.0180652842540769,-3.43458207467692,-0.0800626615800131,0.259859837233353
"BORR_01269",0,0.146117211113974,0.037832601224235,0.00771107355031319,0.0180652842540769,-3.43458207467692,0.00496758760456228,0.259859837233353
"BORR_01270",0,0.146117211113974,0.037832601224235,-0.130337798744024,-0.341800490445478,-3.43458207467692,-0.300216674045857,0.312929674010676
"BORR_01271",1,0.146117211113974,0.037832601224235,0.185207978194692,-0.341800490445478,0.656293273311169,0.00496758760456228,-0.852103784609621
"BORR_01272",1,-0.497699848459965,0.037832601224235,0.00771107355031319,0.397035991516326,1.51020054308605,0.233660361580639,0.151602895919437
"BORR_01273",0,0.146117211113974,-0.44318444163337,0.00771107355031319,0.0180652842540769,-3.43458207467692,0.00496758760456228,0.151602895919437
"BORR_01274",0,0.146117211113974,0.037832601224235,0.00771107355031319,-0.136391544057586,-0.841071363806045,-0.0800626615800131,-0.852103784609621
"BORR_01275",0,0.146117211113974,0.0919789645941921,0.00771107355031319,-0.341800490445478,-0.841071363806045,0.277145473520378,-0.253221305452448
"BORR_01276",0,-0.497699848459965,0.037832601224235,0.00771107355031319,0.0180652842540769,-0.841071363806045,-0.0800626615800131,0.259859837233353
"BORR_01277",0,0.187914339792435,0.0919789645941921,0.185207978194692,-0.341800490445478,-3.43458207467692,-0.0729896135779528,0.259859837233353
"BORR_01278",0,0.146117211113974,0.037832601224235,0.337310430883764,-0.136391544057586,-3.43458207467692,0.277145473520378,-0.23440715863823
"BORR_01279",0,-0.497699848459965,-0.44318444163337,0.185207978194692,-0.719557128647638,-3.43458207467692,0.288768313348371,-0.592752218784067
"BORR_01280",0,-0.497699848459965,0.037832601224235,0.185207978194692,0.397035991516326,-3.43458207467692,-0.300216674045857,-0.23440715863823
"BORR_01281",0,0.146117211113974,0.037832601224235,-1.38340793971915,0.0180652842540769,-3.43458207467692,-0.300216674045857,0.151602895919437
"BORR_01282",0,-0.497699848459965,0.037832601224235,-0.507939202365253,0.397035991516326,-0.841071363806045,0.233660361580639,0.312929674010676
"BORR_01283",0,-0.0978146070384635,0.0919789645941921,0.00771107355031319,0.397035991516326,-3.43458207467692,-0.411547356690187,-0.852103784609621
"BORR_01284",0,-0.0978146070384635,0.037832601224235,-0.507939202365253,-0.136391544057586,1.51020054308605,0.00496758760456228,-0.23440715863823
"BORR_01285",0,-0.0978146070384635,0.037832601224235,0.00771107355031319,0.0180652842540769,-3.43458207467692,0.00496758760456228,0.435750503697017
"BORR_01286",0,0.146117211113974,0.037832601224235,0.337310430883764,-0.719557128647638,0.656293273311169,-0.0800626615800131,0.151602895919437
"BORR_01287",0,-0.497699848459965,0.037832601224235,0.00771107355031319,0.397035991516326,-3.43458207467692,-0.0729896135779528,-0.592752218784067
"BORR_01288",0,-0.497699848459965,0.037832601224235,0.00771107355031319,-0.719557128647638,-3.43458207467692,0.00496758760456228,-0.23440715863823
"BORR_01289",0,-0.497699848459965,0.037832601224235,0.00771107355031319,-0.0141663669819817,-3.43458207467692,-0.0800626615800131,-0.23440715863823
"BORR_01290",0,-0.497699848459965,0.037832601224235,-0.130337798744024,-0.136391544057586,-3.43458207467692,-0.411547356690187,0.435750503697017
"BORR_01291",0,0.146117211113974,0.0919789645941921,0.185207978194692,-0.136391544057586,-3.43458207467692,-0.0729896135779528,-0.23440715863823
"BORR_01292",0,0.146117211113974,0.037832601224235,-0.54507874931471,-0.719557128647638,-0.841071363806045,0.233660361580639,-0.253221305452448
"BORR_01293",0,-0.497699848459965,0.037832601224235,0.638875188120734,-0.0141663669819817,-3.43458207467692,-0.300216674045857,0.151602895919437
"BORR_01294",0,0.187914339792435,-0.44318444163337,0.185207978194692,0.0180652842540769,-3.43458207467692,0.233660361580639,-0.592752218784067
"BORR_01295",0,0.187914339792435,0.0919789645941921,-0.54507874931471,-0.341800490445478,-0.841071363806045,-0.0729896135779528,-0.852103784609621
"BORR_01296",0,0.146117211113974,0.0919789645941921,0.337310430883764,-0.0141663669819817,1.51020054308605,0.233660361580639,0.259859837233353
"BORR_01297",0,0.187914339792435,0.037832601224235,-0.54507874931471,0.705083437480601,1.51020054308605,-0.0800626615800131,-0.23440715863823
"BORR_01298",0,-0.497699848459965,0.037832601224235,-0.507939202365253,0.0180652842540769,-0.841071363806045,0.277145473520378,0.259859837233353
"BORR_01299",0,-0.0978146070384635,0.0919789645941921,0.00771107355031319,-0.341800490445478,-3.43458207467692,0.233660361580639,0.312929674010676
"BORR_01300",0,0.146117211113974,0.037832601224235,0.00771107355031319,-0.341800490445478,-3.43458207467692,-0.0800626615800131,0.151602895919437
"BORR_01301",1,0.187914339792435,0.037832601224235,0.337310430883764,-0.0141663669819817,1.51020054308605,0.00496758760456228,0.259859837233353
"BORR_01302",0,0.187914339792435,0.037832601224235,-0.507939202365253,0.0180652842540769,-0.841071363806045,-0.300216674045857,0.151602895919437
"BORR_01303",0,-0.497699848459965,-0.44318444163337,0.337310430883764,0.397035991516326,-3.43458207467692,-0.0729896135779528,0.151602895919437
"BORR_01304",0,-0.0978146070384635,-0.44318444163337,0.00771107355031319,-0.341800490445478,1.51020054308605,-0.411547356690187,0.435750503697017
"BORR_01305",0,-0.497699848459965,0.037832601224235,0.185207978194692,0.0180652842540769,1.51020054308605,0.288768313348371,0.151602895919437
"BORR_01306",1,0.187914339792435,0.037832601224235,-0.54507874931471,0.0180652842540769,1.51020054308605,-0.0729896135779528,0.312929674010676
"BORR_01307",0,0.146117211113974,0.037832601224235,0.185207978194692,-0.136391544057586,-0.841071363806045,-0.0800626615800131,0.312929674010676
"BORR_01308",0,0.146117211113974,0.037832601224235,-0.54507874931471,-0.719557128647638,-3.43458207467692,0.00496758760456228,0.435750503697017
"BORR_01309",0,0.146117211113974,0.037832601224235,0.337310430883764,-0.719557128647638,-3.43458207467692,-0.0729896135779528,-0.23440715863823
"BORR_01310",0,-0.0978146070384635,0.037832601224235,-1.38340793971915,-0.136391544057586,-0.841071363806045,0.00496758760456228,0.259859837233353
"BORR_01311",1,0.146117211113974,0.037832601224235,0.00771107355031319,0.0180652842540769,-3.43458207467692,-0.411547356690187,-0.253221305452448
"BORR_01312",0,0.146117211113974,0.037832601224235,0.185207978194692,0.18935009021854,-3.43458207467692,0.00496758760456228,-0.23440715863823
"BORR_01313",0,0.146117211113974,0.037832601224235,0.638875188120734,0.0180652842540769,-3.43458207467692,0.00496758760456228,0.151602895919437
"BORR_01314",0,-0.497699848459965,-0.44318444163337,0.337310430883764,-0.341800490445478,-3.43458207467692,0.00496758760456228,-0.852103784609621
"BORR_01315",0,0.146117211113974,0.037832601224235,0.185207978194692,0.0180652842540769,-0.841071363806045,-0.0729896135779528,-0.852103784609621
"BORR_01316",0,0.146117211113974,-0.44318444163337,0.00771107355031319,-0.341800490445478,-3.43458207467692,-0.0729896135779528,0.259859837233353
"BORR_01317",0,-0.497699848459965,0.037832601224235,0.00771107355031319,-0.341800490445478,1.51020054308605,0.00496758760456228,-0.253221305452448
"BORR_01318",0,-0.0978146070384635,0.037832601224235,0.185207978194692,-0.0141663669819817,1.51020054308605,0.00496758760456228,-0.253221305452448
"BORR_01319",0,0.146117211113974,0.037832601224235,0.00771107355031319,-0.136391544057586,-3.43458207467692,0.00496758760456228,0.259859837233353
"BORR_01320",0,0.146117211113974,0.037832601224235,0.185207978194692,-0.0141663669819817,-0.841071363806045,0.277145473520378,-0.23440715863823
"BORR_01321",0,-0.497699848459965,0.037832601224235,0.00771107355031319,0.0180652842540769,-3.43458207467692,0.00496758760456228,0.312929674010676
"BORR_01322",0,0.146117211113974,0.0919789645941921,0.00771107355031319,-0.0141663669819817,-3.43458207467692,-0.0800626615800131,0.151602895919437
"BORR_01323",0,-0.497699848459965,0.037832601224235,0.00771107355031319,0.0180652842540769,-3.43458207467692,-0.0729896135779528,0.435750503697017
"BORR_01324",0,-0.497699848459965,0.037832601224235,-0.54507874931471,0.705083437480601,-3.43458207467692,-0.0800626615800131,0.151602895919437
"BORR_01325",0,-0.497699848459965,0.037832601224235,0.00771107355031319,-0.136391544057586,-3.43458207467692,0.277145473520378,-0.253221305452448
"BORR_01326",1,-0.0978146070384635,0.037832601224235,0.00771107355031319,0.0180652842540769,0.656293273311169,0.00496758760456228,-0.852103784609621
"BORR_01327",0,0.146117211113974,0.0919789645941921,-0.130337798744024,0.397035991516326,-3.43458207467692,0.233660361580639,0.151602895919437
"BORR_01328",0,0.187914339792435,0.0919789645941921,-1.38340793971915,0.0180652842540769,-3.43458207467692,-0.0729896135779528,0.312929674010676
"BORR_01329",0,0.146117211113974,0.037832601224235,0.00771107355031319,-0.341800490445478,-0.841071363806045,-0.0729896135779528,-0.852103784609621
"BORR_01330",0,0.146117211113974,0.0919789645941921,0.00771107355031319,-0.136391544057586,0.656293273311169,0.233660361580639,-0.253221305452448
"BORR_01331",0,0.146117211113974,0.0919789645941921,0.00771107355031319,-0.341800490445478,-0.841071363806045,0.277145473520378,0.151602895919437
"BORR_01332",0,-0.0978146070384635,0.037832601224235,0.00771107355031319,-0.136391544057586,-3.43458207467692,-0.0729896135779528,0.259859837233353
"BORR_01333",0,-0.497699848459965,0.037832601224235,0.185207978194692,-0.136391544057586,1.51020054308605,-0.0800626615800131,-0.23440715863823
"BORR_01334",1,0.146117211113974,0.037832601224235,0.185207978194692,-0.136391544057586,1.51020054308605,0.00496758760456228,0.259859837233353
"BORR_01335",0,0.146117211113974,-0.44318444163337,0.337310430883764,0.18935009021854,-0.841071363806045,0.00496758760456228,-0.23440715863823
"BORR_01336",0,0.187914339792435,-0.44318444163337,0.185207978194692,0.0180652842540769,-0.841071363806045,-0.0800626615800131,-0.253221305452448
"BORR_01337",0,0.146117211113974,0.037832601224235,0.00771107355031319,-0.341800490445478,-3.43458207467692,-0.0800626615800131,0.435750503697017
"BORR_01338",0,0.146117211113974,0.037832601224235,0.00771107355031319,0.397035991516326,1.51020054308605,-0.0729896135779528,-0.253221305452448
"BORR_01339",0,0.146117211113974,0.037832601224235,-0.507939202365253,0.18935009021854,-0.841071363806045,0.00496758760456228,0.151602895919437
"BORR_01340",0,0.146117211113974,0.037832601224235,-1.38340793971915,-0.136391544057586,-0.841071363806045,-0.0800626615800131,0.151602895919437
"BORR_01341",0,-0.497699848459965,0.037832601224235,-0.507939202365253,0.18935009021854,-3.43458207467692,-0.300216674045857,0.151602895919437
"BORR_01342",0,0.146117211113974,0.037832601224235,0.00771107355031319,-0.136391544057586,1.51020054308605,-0.0729896135779528,0.435750503697017
"BORR_01343",0,-0.0978146070384635,0.037832601224235,-0.54507874931471,0.705083437480601,-0.841071363806045,0.00496758760456228,0.435750503697017
"BORR_01344",0,-0.0978146070384635,0.037832601224235,0.337310430883764,-0.0141663669819817,-0.841071363806045,-0.411547356690187,-0.852103784609621
"BORR_01345",0,-0.497699848459965,0.037832601224235,0.00771107355031319,0.0180652842540769,-3.43458207467692,-0.411547356690187,-0.23440715863823
"BORR_01346",0,-0.497699848459965,0.037832601224235,0.185207978194692,-0.136391544057586,-3.43458207467692,0.00496758760456228,-0.592752218784067
"BORR_01347",0,0.146117211113974,0.037832601224235,0.00771107355031319,-0.136391544057586,-3.43458207467692,0.288768313348371,-0.23440715863823
"BORR_01348",0,0.146117211113974,0.037832601224235,0.638875188120734,0.18935009021854,-3.43458207467692,0.288768313348371,0.151602895919437
"BORR_01349",0,0.146117211113974,0.037832601224235,0.337310430883764,0.18935009021854,-3.43458207467692,-0.0729896135779528,0.151602895919437
"BORR_01350",0,0.146117211113974,0.037832601224235,0.00771107355031319,0.18935009021854,-3.43458207467692,0.00496758760456228,-0.23440715863823
"BORR_01351",0,0.146117211113974,0.0919789645941921,0.00771107355031319,-0.136391544057586,-3.43458207467692,0.288768313348371,-0.23440715863823
"BORR_01352",0,-0.497699848459965,0.037832601224235,0.00771107355031319,-0.136391544057586,-3.43458207467692,0.00496758760456228,-0.852103784609621
"BORR_01353",0,0.146117211113974,0.037832601224235,-1.38340793971915,-0.341800490445478,-0.841071363806045,0.288768313348371,-0.592752218784067
"BORR_01354",0,0.146117211113974,0.0919789645941921,0.00771107355031319,-0.341800490445478,1.51020054308605,0.00496758760456228,-0.852103784609621
"BORR_02030",0,-0.0978146070384635,0.037832601224235,0.00771107355031319,-0.0141663669819817,1.51020054308605,-0.300216674045857,-0.852103784609621
"BORR_01355",0,0.146117211113974,0.037832601224235,0.00771107355031319,0.0180652842540769,1.51020054308605,-0.0800626615800131,-0.23440715863823
"BORR_01356",0,-0.0978146070384635,0.037832601224235,-0.54507874931471,-0.341800490445478,-0.841071363806045,-0.0800626615800131,0.312929674010676
"BORR_01357",0,-0.497699848459965,0.037832601224235,-1.38340793971915,0.0180652842540769,1.51020054308605,0.00496758760456228,0.151602895919437
"BORR_01358",0,0.146117211113974,-0.44318444163337,0.337310430883764,0.0180652842540769,-0.841071363806045,-0.0800626615800131,0.259859837233353
"BORR_01359",0,-0.497699848459965,0.037832601224235,0.00771107355031319,-0.136391544057586,-3.43458207467692,-0.0729896135779528,-0.23440715863823
"BORR_01360",0,-0.497699848459965,0.037832601224235,-0.130337798744024,-0.341800490445478,-3.43458207467692,-0.0800626615800131,0.312929674010676
"BORR_01361",0,0.146117211113974,0.0919789645941921,0.185207978194692,-0.719557128647638,-3.43458207467692,0.00496758760456228,0.151602895919437
"BORR_01362",0,0.146117211113974,0.037832601224235,0.00771107355031319,0.0180652842540769,-3.43458207467692,0.233660361580639,0.259859837233353
"BORR_01363",0,-0.0978146070384635,0.037832601224235,0.00771107355031319,0.397035991516326,-3.43458207467692,0.00496758760456228,0.435750503697017
"BORR_01364",0,0.146117211113974,0.037832601224235,-0.54507874931471,0.397035991516326,-3.43458207467692,-0.0729896135779528,0.259859837233353
"BORR_01365",0,0.146117211113974,0.037832601224235,0.00771107355031319,0.0180652842540769,-3.43458207467692,-0.0800626615800131,0.151602895919437
"BORR_01366",0,0.146117211113974,0.0919789645941921,0.00771107355031319,0.0180652842540769,0.656293273311169,-0.0729896135779528,0.151602895919437
"BORR_01367",0,-0.0978146070384635,0.037832601224235,0.00771107355031319,0.0180652842540769,-3.43458207467692,-0.0800626615800131,-0.23440715863823
"BORR_01368",0,0.146117211113974,0.037832601224235,0.337310430883764,0.0180652842540769,-0.841071363806045,0.277145473520378,0.435750503697017
"BORR_01369",0,-0.0978146070384635,0.037832601224235,0.185207978194692,0.0180652842540769,-3.43458207467692,0.277145473520378,0.151602895919437
"BORR_01370",0,-0.0978146070384635,0.0919789645941921,0.638875188120734,0.0180652842540769,-3.43458207467692,-0.300216674045857,0.435750503697017
"BORR_01371",0,0.146117211113974,0.037832601224235,0.00771107355031319,0.18935009021854,-3.43458207467692,0.00496758760456228,0.151602895919437
"BORR_01372",0,-0.497699848459965,0.037832601224235,0.185207978194692,-0.0141663669819817,-0.841071363806045,-0.300216674045857,0.312929674010676
"BORR_01373",0,0.146117211113974,0.037832601224235,0.185207978194692,-0.341800490445478,-0.841071363806045,0.288768313348371,-0.23440715863823
"BORR_01374",0,-0.497699848459965,0.037832601224235,0.00771107355031319,-0.136391544057586,-3.43458207467692,0.277145473520378,-0.253221305452448
"BORR_01375",0,0.146117211113974,0.037832601224235,-0.54507874931471,0.397035991516326,-3.43458207467692,-0.0729896135779528,-0.592752218784067
"BORR_01376",0,0.146117211113974,0.037832601224235,-0.54507874931471,-0.136391544057586,1.51020054308605,0.277145473520378,-0.253221305452448
"BORR_01377",0,0.187914339792435,0.037832601224235,0.185207978194692,0.18935009021854,-0.841071363806045,0.288768313348371,0.259859837233353
"BORR_01378",0,0.146117211113974,0.037832601224235,0.00771107355031319,-0.136391544057586,-3.43458207467692,0.00496758760456228,-0.23440715863823
"BORR_01379",0,0.187914339792435,0.037832601224235,-1.38340793971915,0.0180652842540769,-0.841071363806045,0.288768313348371,0.259859837233353
"BORR_01380",0,0.146117211113974,-0.44318444163337,-0.507939202365253,-0.136391544057586,-3.43458207467692,0.233660361580639,-0.852103784609621
"BORR_01381",0,0.146117211113974,0.037832601224235,-0.507939202365253,-0.136391544057586,-3.43458207467692,0.288768313348371,0.259859837233353
"BORR_01382",0,0.146117211113974,0.0919789645941921,0.185207978194692,0.0180652842540769,-3.43458207467692,-0.0800626615800131,0.151602895919437
"BORR_01383",0,-0.497699848459965,0.037832601224235,-0.54507874931471,0.0180652842540769,-3.43458207467692,-0.300216674045857,0.151602895919437
"BORR_01384",0,-0.0978146070384635,0.037832601224235,0.185207978194692,0.0180652842540769,1.51020054308605,-0.411547356690187,-0.23440715863823
"BORR_01385",0,0.146117211113974,0.037832601224235,0.00771107355031319,0.18935009021854,1.51020054308605,-0.411547356690187,0.259859837233353
"BORR_01386",0,-0.0978146070384635,0.037832601224235,-0.54507874931471,0.0180652842540769,0.656293273311169,-0.0729896135779528,0.151602895919437
"BORR_01387",0,0.146117211113974,0.037832601224235,-1.38340793971915,0.18935009021854,-3.43458207467692,0.288768313348371,-0.592752218784067
"BORR_01388",0,0.146117211113974,-0.44318444163337,0.638875188120734,0.0180652842540769,-3.43458207467692,-0.0800626615800131,0.259859837233353
"BORR_01389",0,0.146117211113974,0.037832601224235,-0.54507874931471,-0.136391544057586,-0.841071363806045,0.277145473520378,-0.253221305452448
"BORR_01390",0,0.146117211113974,-0.44318444163337,0.00771107355031319,0.0180652842540769,-3.43458207467692,-0.300216674045857,0.151602895919437
"BORR_01391",0,0.146117211113974,0.037832601224235,0.00771107355031319,0.0180652842540769,0.656293273311169,0.288768313348371,0.435750503697017
"BORR_01392",0,0.146117211113974,0.0919789645941921,0.185207978194692,-0.341800490445478,-0.841071363806045,-0.0729896135779528,-0.253221305452448
"BORR_01393",0,0.146117211113974,0.037832601224235,0.185207978194692,0.705083437480601,-0.841071363806045,0.277145473520378,-0.23440715863823
"BORR_01394",0,-0.497699848459965,0.0919789645941921,0.00771107355031319,-0.0141663669819817,-0.841071363806045,0.288768313348371,0.151602895919437
"BORR_01395",0,0.187914339792435,0.037832601224235,0.185207978194692,0.0180652842540769,-3.43458207467692,-0.0729896135779528,-0.253221305452448
"BORR_01396",0,0.146117211113974,0.0919789645941921,0.337310430883764,-0.341800490445478,0.656293273311169,-0.0729896135779528,0.259859837233353
"BORR_01397",0,0.146117211113974,0.037832601224235,0.185207978194692,-0.136391544057586,-0.841071363806045,-0.0729896135779528,0.259859837233353
"BORR_01398",0,0.146117211113974,0.0919789645941921,0.00771107355031319,-0.136391544057586,1.51020054308605,-0.0729896135779528,0.312929674010676
"BORR_01399",0,-0.497699848459965,0.037832601224235,0.00771107355031319,0.397035991516326,-3.43458207467692,0.288768313348371,0.312929674010676
"BORR_01400",0,-0.497699848459965,-0.44318444163337,0.337310430883764,-0.0141663669819817,-3.43458207467692,-0.0800626615800131,0.435750503697017
"BORR_01401",0,0.146117211113974,0.037832601224235,0.00771107355031319,-0.341800490445478,-0.841071363806045,0.233660361580639,0.151602895919437
"BORR_01402",0,0.146117211113974,0.0919789645941921,0.185207978194692,0.18935009021854,-0.841071363806045,0.233660361580639,0.435750503697017
"BORR_01403",0,-0.497699848459965,-0.44318444163337,0.337310430883764,0.0180652842540769,1.51020054308605,-0.0729896135779528,0.151602895919437
"BORR_01404",0,0.146117211113974,0.0919789645941921,0.00771107355031319,0.0180652842540769,-3.43458207467692,0.00496758760456228,0.151602895919437
"BORR_01405",0,0.146117211113974,0.037832601224235,0.00771107355031319,0.0180652842540769,-3.43458207467692,-0.411547356690187,-0.592752218784067
"BORR_01406",0,0.146117211113974,0.037832601224235,0.00771107355031319,-0.136391544057586,-3.43458207467692,0.233660361580639,0.312929674010676
"BORR_01407",0,-0.0978146070384635,0.037832601224235,0.185207978194692,0.0180652842540769,-3.43458207467692,0.00496758760456228,-0.253221305452448
"BORR_01408",0,0.146117211113974,0.037832601224235,0.00771107355031319,-0.136391544057586,-3.43458207467692,0.00496758760456228,0.259859837233353
"BORR_01409",0,0.187914339792435,0.037832601224235,0.185207978194692,0.0180652842540769,-3.43458207467692,0.00496758760456228,0.259859837233353
"BORR_01410",0,-0.0978146070384635,0.0919789645941921,0.185207978194692,0.0180652842540769,-3.43458207467692,-0.0729896135779528,0.151602895919437
"BORR_01411",0,-0.0978146070384635,0.0919789645941921,0.185207978194692,0.0180652842540769,-0.841071363806045,0.00496758760456228,0.151602895919437
"BORR_01412",1,0.146117211113974,0.037832601224235,0.638875188120734,0.397035991516326,0.656293273311169,-0.300216674045857,0.151602895919437
"BORR_01413",0,-0.497699848459965,0.0919789645941921,0.185207978194692,-0.0141663669819817,-3.43458207467692,0.233660361580639,-0.852103784609621
"BORR_01414",0,0.187914339792435,0.0919789645941921,0.00771107355031319,0.0180652842540769,-0.841071363806045,0.233660361580639,0.151602895919437
"BORR_01415",0,0.146117211113974,0.037832601224235,0.00771107355031319,0.0180652842540769,-3.43458207467692,0.288768313348371,-0.253221305452448
"BORR_01416",0,0.146117211113974,-0.44318444163337,-0.54507874931471,0.0180652842540769,-3.43458207467692,0.233660361580639,-0.23440715863823
"BORR_01417",0,0.146117211113974,0.037832601224235,0.00771107355031319,0.0180652842540769,-0.841071363806045,-0.0729896135779528,0.151602895919437
"BORR_01418",0,0.146117211113974,0.037832601224235,-1.38340793971915,-0.719557128647638,-0.841071363806045,-0.0729896135779528,0.151602895919437
"BORR_01419",0,0.146117211113974,0.037832601224235,0.00771107355031319,-0.341800490445478,-3.43458207467692,0.277145473520378,-0.23440715863823
"BORR_01420",0,0.146117211113974,0.037832601224235,0.185207978194692,-0.341800490445478,1.51020054308605,0.00496758760456228,-0.253221305452448
"BORR_01421",0,0.146117211113974,-0.44318444163337,0.00771107355031319,0.0180652842540769,-3.43458207467692,0.233660361580639,-0.852103784609621
"BORR_01422",0,0.187914339792435,0.037832601224235,0.185207978194692,0.0180652842540769,-3.43458207467692,0.277145473520378,0.435750503697017
"BORR_01423",0,0.146117211113974,0.037832601224235,-1.38340793971915,-0.0141663669819817,1.51020054308605,0.00496758760456228,-0.23440715863823
"BORR_01424",1,0.146117211113974,0.037832601224235,-0.507939202365253,0.397035991516326,0.656293273311169,-0.300216674045857,0.435750503697017
"BORR_01425",0,0.146117211113974,0.037832601224235,0.337310430883764,0.397035991516326,1.51020054308605,0.288768313348371,0.312929674010676
"BORR_01426",0,0.146117211113974,0.037832601224235,0.185207978194692,0.0180652842540769,-0.841071363806045,0.00496758760456228,-0.852103784609621
"BORR_01427",1,0.146117211113974,0.037832601224235,0.185207978194692,-0.136391544057586,1.51020054308605,0.00496758760456228,-0.23440715863823
"BORR_01428",0,0.146117211113974,0.037832601224235,0.00771107355031319,0.397035991516326,-0.841071363806045,0.00496758760456228,-0.592752218784067
"BORR_01429",0,-0.0978146070384635,-0.44318444163337,-0.507939202365253,0.0180652842540769,-3.43458207467692,0.277145473520378,-0.23440715863823
"BORR_01430",0,-0.497699848459965,0.037832601224235,0.00771107355031319,0.0180652842540769,-0.841071363806045,-0.0729896135779528,0.435750503697017
"BORR_01431",0,0.146117211113974,0.037832601224235,0.00771107355031319,-0.341800490445478,1.51020054308605,0.233660361580639,0.151602895919437
"BORR_01432",0,0.146117211113974,0.037832601224235,0.638875188120734,-0.136391544057586,0.656293273311169,-0.0800626615800131,-0.592752218784067
"BORR_01433",1,-0.497699848459965,0.0919789645941921,0.638875188120734,0.0180652842540769,1.51020054308605,0.233660361580639,0.312929674010676
"BORR_01434",0,-0.0978146070384635,0.037832601224235,0.185207978194692,0.0180652842540769,1.51020054308605,0.277145473520378,-0.23440715863823
"BORR_01435",0,0.146117211113974,0.037832601224235,-0.54507874931471,-0.341800490445478,-0.841071363806045,0.00496758760456228,0.151602895919437
"BORR_01436",0,-0.0978146070384635,0.037832601224235,-0.54507874931471,0.0180652842540769,-3.43458207467692,0.277145473520378,-0.253221305452448
"BORR_01437",0,-0.497699848459965,0.037832601224235,0.00771107355031319,-0.341800490445478,-3.43458207467692,-0.0729896135779528,0.151602895919437
"BORR_01438",1,0.146117211113974,0.037832601224235,0.00771107355031319,-0.341800490445478,1.51020054308605,-0.411547356690187,0.151602895919437
"BORR_01439",0,-0.497699848459965,0.0919789645941921,0.00771107355031319,0.705083437480601,1.51020054308605,-0.0729896135779528,0.151602895919437
"BORR_01440",0,-0.0978146070384635,0.037832601224235,0.00771107355031319,-0.0141663669819817,-3.43458207467692,0.00496758760456228,-0.23440715863823
"BORR_01441",0,0.146117211113974,0.037832601224235,0.185207978194692,-0.341800490445478,-0.841071363806045,-0.0800626615800131,0.259859837233353
"BORR_01442",0,-0.497699848459965,0.0919789645941921,0.00771107355031319,0.0180652842540769,-0.841071363806045,-0.0729896135779528,0.259859837233353
"BORR_01443",0,-0.497699848459965,0.037832601224235,0.185207978194692,0.705083437480601,-0.841071363806045,-0.411547356690187,-0.852103784609621
"BORR_01444",0,-0.497699848459965,-0.44318444163337,0.185207978194692,-0.136391544057586,-3.43458207467692,-0.300216674045857,0.435750503697017
"BORR_01445",0,0.146117211113974,-0.44318444163337,0.00771107355031319,0.0180652842540769,0.656293273311169,-0.0729896135779528,-0.852103784609621
"BORR_01446",0,-0.497699848459965,-0.44318444163337,0.00771107355031319,0.397035991516326,-3.43458207467692,0.00496758760456228,0.151602895919437
"BORR_01447",0,-0.0978146070384635,0.037832601224235,0.638875188120734,0.0180652842540769,-0.841071363806045,0.233660361580639,-0.852103784609621
"BORR_01448",0,-0.0978146070384635,0.0919789645941921,0.00771107355031319,-0.341800490445478,-3.43458207467692,0.233660361580639,-0.23440715863823
"BORR_01449",0,0.146117211113974,0.037832601224235,0.00771107355031319,0.0180652842540769,-0.841071363806045,0.233660361580639,-0.23440715863823
"BORR_01450",0,-0.497699848459965,-0.44318444163337,-1.38340793971915,-0.719557128647638,0.656293273311169,0.00496758760456228,0.259859837233353
"BORR_01451",0,0.146117211113974,0.037832601224235,0.00771107355031319,0.18935009021854,-3.43458207467692,0.288768313348371,-0.23440715863823
"BORR_01452",0,-0.0978146070384635,-0.44318444163337,0.00771107355031319,0.0180652842540769,-3.43458207467692,-0.0729896135779528,0.151602895919437
"BORR_01453",0,-0.497699848459965,0.037832601224235,0.00771107355031319,0.0180652842540769,-3.43458207467692,-0.0729896135779528,-0.253221305452448
"BORR_01454",0,0.146117211113974,0.037832601224235,0.337310430883764,0.0180652842540769,-0.841071363806045,0.00496758760456228,0.151602895919437
"BORR_01455",1,0.146117211113974,0.037832601224235,0.00771107355031319,-0.341800490445478,1.51020054308605,0.00496758760456228,0.151602895919437
"BORR_01456",0,0.146117211113974,0.0919789645941921,-0.54507874931471,-0.136391544057586,-0.841071363806045,0.00496758760456228,-0.23440715863823
"BORR_01457",0,0.146117211113974,0.037832601224235,0.185207978194692,-0.341800490445478,-3.43458207467692,0.00496758760456228,-0.852103784609621
"BORR_01458",0,0.146117211113974,0.037832601224235,0.638875188120734,0.705083437480601,1.51020054308605,-0.0729896135779528,0.151602895919437
"BORR_01459",0,0.146117211113974,0.0919789645941921,0.337310430883764,-0.341800490445478,-0.841071363806045,-0.0729896135779528,0.312929674010676
"BORR_01460",0,-0.0978146070384635,0.037832601224235,0.00771107355031319,-0.0141663669819817,-0.841071363806045,0.00496758760456228,0.312929674010676
"BORR_01461",0,-0.497699848459965,0.037832601224235,0.185207978194692,-0.136391544057586,-3.43458207467692,0.00496758760456228,-0.23440715863823
"BORR_01462",0,-0.0978146070384635,0.037832601224235,0.337310430883764,-0.341800490445478,-3.43458207467692,-0.300216674045857,0.259859837233353
"BORR_01463",0,-0.497699848459965,0.037832601224235,-1.38340793971915,0.0180652842540769,1.51020054308605,-0.300216674045857,-0.852103784609621
"BORR_01464",0,-0.497699848459965,0.037832601224235,0.185207978194692,0.0180652842540769,1.51020054308605,0.00496758760456228,0.435750503697017
"BORR_01465",0,0.146117211113974,0.037832601224235,0.638875188120734,-0.136391544057586,-3.43458207467692,-0.0800626615800131,0.259859837233353
"BORR_01466",0,-0.497699848459965,0.037832601224235,0.00771107355031319,-0.136391544057586,0.656293273311169,0.00496758760456228,0.312929674010676
"BORR_01467",0,-0.497699848459965,0.037832601224235,0.00771107355031319,0.0180652842540769,-3.43458207467692,-0.411547356690187,0.312929674010676
"BORR_01468",0,-0.0978146070384635,0.0919789645941921,0.00771107355031319,0.0180652842540769,-3.43458207467692,0.233660361580639,0.312929674010676
"BORR_01469",0,-0.497699848459965,0.037832601224235,-0.130337798744024,-0.341800490445478,-0.841071363806045,0.233660361580639,0.151602895919437
"BORR_01470",0,-0.497699848459965,0.037832601224235,-1.38340793971915,-0.0141663669819817,-3.43458207467692,0.233660361580639,0.151602895919437
"BORR_01471",0,-0.0978146070384635,-0.44318444163337,0.00771107355031319,0.705083437480601,-0.841071363806045,-0.0800626615800131,0.151602895919437
"BORR_01472",0,-0.0978146070384635,0.037832601224235,0.185207978194692,0.0180652842540769,-3.43458207467692,-0.0729896135779528,-0.592752218784067
"BORR_01473",0,-0.0978146070384635,0.037832601224235,0.185207978194692,0.0180652842540769,-3.43458207467692,0.288768313348371,0.435750503697017
"BORR_01474",0,-0.497699848459965,0.0919789645941921,-0.130337798744024,-0.341800490445478,-3.43458207467692,0.00496758760456228,0.435750503697017
"BORR_01475",0,0.146117211113974,-0.44318444163337,0.185207978194692,-0.719557128647638,-0.841071363806045,-0.411547356690187,-0.23440715863823
"BORR_01476",0,-0.497699848459965,0.0919789645941921,0.00771107355031319,-0.341800490445478,-3.43458207467692,-0.0729896135779528,-0.852103784609621
"BORR_01477",0,0.146117211113974,0.0919789645941921,0.00771107355031319,0.705083437480601,-0.841071363806045,-0.0729896135779528,-0.852103784609621
"BORR_01478",0,0.146117211113974,0.0919789645941921,0.185207978194692,-0.341800490445478,0.656293273311169,-0.0729896135779528,-0.253221305452448
"BORR_01479",0,0.146117211113974,0.037832601224235,0.00771107355031319,0.397035991516326,-3.43458207467692,-0.0729896135779528,0.151602895919437
"BORR_01480",0,0.146117211113974,0.0919789645941921,0.185207978194692,0.0180652842540769,-3.43458207467692,-0.300216674045857,0.151602895919437
"BORR_01481",0,-0.497699848459965,0.037832601224235,0.337310430883764,-0.136391544057586,-0.841071363806045,-0.300216674045857,-0.852103784609621
"BORR_01482",0,0.146117211113974,-0.44318444163337,0.00771107355031319,0.397035991516326,-0.841071363806045,0.233660361580639,0.259859837233353
"BORR_01483",0,0.146117211113974,0.037832601224235,-0.507939202365253,-0.719557128647638,-3.43458207467692,0.233660361580639,-0.23440715863823
"BORR_01484",0,-0.497699848459965,0.037832601224235,0.185207978194692,0.0180652842540769,0.656293273311169,0.288768313348371,0.151602895919437
"BORR_01485",0,-0.497699848459965,0.037832601224235,0.00771107355031319,-0.341800490445478,1.51020054308605,-0.0800626615800131,0.151602895919437
"BORR_01486",1,0.146117211113974,0.0919789645941921,0.00771107355031319,0.705083437480601,1.51020054308605,0.00496758760456228,-0.23440715863823
"BORR_01487",0,0.146117211113974,0.037832601224235,0.638875188120734,0.397035991516326,-3.43458207467692,0.00496758760456228,-0.253221305452448
"BORR_01488",0,0.146117211113974,-0.44318444163337,0.337310430883764,0.0180652842540769,1.51020054308605,0.00496758760456228,0.312929674010676
"BORR_01489",0,0.146117211113974,0.0919789645941921,0.337310430883764,-0.136391544057586,-0.841071363806045,0.00496758760456228,0.259859837233353
"BORR_01490",0,0.146117211113974,0.037832601224235,-0.54507874931471,-0.136391544057586,-0.841071363806045,-0.0800626615800131,0.259859837233353
"BORR_01491",0,0.146117211113974,0.0919789645941921,0.00771107355031319,-0.136391544057586,1.51020054308605,-0.0729896135779528,-0.253221305452448
"BORR_01492",0,0.187914339792435,0.0919789645941921,0.337310430883764,0.18935009021854,-0.841071363806045,-0.0800626615800131,0.259859837233353
"BORR_01493",0,0.146117211113974,0.037832601224235,0.638875188120734,-0.136391544057586,-3.43458207467692,0.00496758760456228,0.259859837233353
"BORR_01494",0,0.146117211113974,0.037832601224235,-0.54507874931471,0.0180652842540769,1.51020054308605,0.00496758760456228,-0.253221305452448
"BORR_01495",0,0.146117211113974,0.037832601224235,0.185207978194692,0.397035991516326,-0.841071363806045,0.00496758760456228,-0.852103784609621
"BORR_01496",0,0.146117211113974,0.037832601224235,0.00771107355031319,0.18935009021854,1.51020054308605,-0.411547356690187,-0.253221305452448
"BORR_01497",0,-0.497699848459965,0.037832601224235,0.00771107355031319,-0.341800490445478,-3.43458207467692,0.00496758760456228,0.151602895919437
"BORR_01498",0,0.146117211113974,-0.44318444163337,0.337310430883764,0.18935009021854,1.51020054308605,0.233660361580639,0.259859837233353
"BORR_01499",0,0.146117211113974,0.037832601224235,0.638875188120734,0.0180652842540769,1.51020054308605,-0.300216674045857,-0.253221305452448
"BORR_01500",0,-0.497699848459965,0.0919789645941921,-0.54507874931471,0.705083437480601,-0.841071363806045,0.00496758760456228,0.151602895919437
"BORR_01501",0,0.187914339792435,0.037832601224235,-0.54507874931471,-0.136391544057586,-3.43458207467692,-0.411547356690187,-0.852103784609621
"BORR_01502",0,0.146117211113974,0.037832601224235,-0.130337798744024,-0.341800490445478,-3.43458207467692,0.00496758760456228,0.151602895919437
"BORR_01503",0,-0.497699848459965,0.0919789645941921,0.185207978194692,0.0180652842540769,-0.841071363806045,0.233660361580639,-0.852103784609621
"BORR_01504",0,0.146117211113974,-0.44318444163337,0.638875188120734,-0.136391544057586,-3.43458207467692,0.00496758760456228,-0.23440715863823
"BORR_01505",0,-0.497699848459965,0.037832601224235,0.185207978194692,-0.136391544057586,1.51020054308605,-0.0729896135779528,0.151602895919437
"BORR_01506",0,-0.497699848459965,0.037832601224235,0.00771107355031319,0.0180652842540769,-3.43458207467692,0.00496758760456228,0.259859837233353
"BORR_01507",0,0.146117211113974,0.037832601224235,0.337310430883764,-0.136391544057586,-3.43458207467692,0.00496758760456228,-0.23440715863823
"BORR_01508",0,-0.497699848459965,0.037832601224235,0.00771107355031319,-0.136391544057586,1.51020054308605,0.00496758760456228,-0.23440715863823
"BORR_01509",0,0.146117211113974,0.037832601224235,-0.54507874931471,-0.136391544057586,-3.43458207467692,-0.0800626615800131,-0.592752218784067
"BORR_01510",0,0.146117211113974,0.037832601224235,-0.54507874931471,-0.136391544057586,-3.43458207467692,0.00496758760456228,-0.253221305452448
"BORR_01511",0,0.146117211113974,0.037832601224235,0.337310430883764,-0.341800490445478,-3.43458207467692,0.233660361580639,0.259859837233353
"BORR_01512",0,0.187914339792435,0.0919789645941921,0.00771107355031319,0.0180652842540769,-3.43458207467692,0.233660361580639,0.259859837233353
"BORR_01513",0,0.146117211113974,0.037832601224235,-0.130337798744024,-0.0141663669819817,-3.43458207467692,-0.411547356690187,0.151602895919437
"BORR_01514",0,0.146117211113974,0.037832601224235,0.185207978194692,0.705083437480601,-0.841071363806045,0.00496758760456228,0.312929674010676
"BORR_01515",0,0.146117211113974,0.037832601224235,0.00771107355031319,0.0180652842540769,-0.841071363806045,-0.0729896135779528,0.151602895919437
"BORR_01516",0,0.146117211113974,0.0919789645941921,0.00771107355031319,0.0180652842540769,1.51020054308605,0.00496758760456228,0.259859837233353
"BORR_01517",0,-0.497699848459965,-0.44318444163337,0.337310430883764,0.0180652842540769,-3.43458207467692,0.00496758760456228,-0.852103784609621
"BORR_01518",0,-0.497699848459965,0.037832601224235,0.00771107355031319,0.0180652842540769,-3.43458207467692,-0.0800626615800131,0.151602895919437
"BORR_01519",0,-0.497699848459965,0.0919789645941921,0.337310430883764,0.0180652842540769,-0.841071363806045,0.00496758760456228,0.259859837233353
"BORR_01520",0,0.146117211113974,0.037832601224235,0.00771107355031319,-0.136391544057586,-3.43458207467692,-0.300216674045857,0.151602895919437
"BORR_01521",0,0.146117211113974,0.037832601224235,0.00771107355031319,0.0180652842540769,-0.841071363806045,0.00496758760456228,-0.852103784609621
"BORR_01522",0,0.146117211113974,0.037832601224235,-0.54507874931471,-0.341800490445478,-3.43458207467692,-0.0800626615800131,0.259859837233353
"BORR_01523",0,0.146117211113974,0.037832601224235,0.00771107355031319,0.397035991516326,-0.841071363806045,-0.0729896135779528,-0.253221305452448
"BORR_01524",0,0.146117211113974,0.0919789645941921,0.00771107355031319,-0.0141663669819817,-0.841071363806045,-0.411547356690187,-0.253221305452448
"BORR_01525",0,0.146117211113974,-0.44318444163337,-0.130337798744024,-0.136391544057586,-3.43458207467692,0.233660361580639,-0.23440715863823
"BORR_01526",0,0.146117211113974,0.037832601224235,-0.507939202365253,-0.341800490445478,-0.841071363806045,0.277145473520378,-0.852103784609621
"BORR_01527",0,0.146117211113974,0.037832601224235,0.185207978194692,0.0180652842540769,1.51020054308605,-0.0800626615800131,0.259859837233353
"BORR_01528",0,-0.497699848459965,0.037832601224235,-0.54507874931471,0.0180652842540769,-3.43458207467692,-0.0800626615800131,0.435750503697017
"BORR_01529",0,0.146117211113974,0.037832601224235,-0.54507874931471,0.0180652842540769,-0.841071363806045,-0.0800626615800131,-0.23440715863823
"BORR_01530",0,0.146117211113974,0.037832601224235,0.185207978194692,-0.0141663669819817,-3.43458207467692,-0.0729896135779528,-0.253221305452448
"BORR_01531",0,-0.0978146070384635,0.037832601224235,0.00771107355031319,0.0180652842540769,-3.43458207467692,0.00496758760456228,-0.592752218784067
"BORR_01532",0,0.146117211113974,0.037832601224235,0.185207978194692,-0.341800490445478,-3.43458207467692,-0.0729896135779528,0.435750503697017
"BORR_01533",0,0.146117211113974,0.037832601224235,0.638875188120734,-0.136391544057586,-3.43458207467692,0.00496758760456228,0.435750503697017
"BORR_01534",0,0.146117211113974,0.037832601224235,0.337310430883764,0.18935009021854,-3.43458207467692,-0.0729896135779528,-0.592752218784067
"BORR_01535",0,-0.497699848459965,0.037832601224235,-1.38340793971915,0.0180652842540769,-3.43458207467692,0.288768313348371,0.151602895919437
"BORR_01536",1,0.187914339792435,0.0919789645941921,0.638875188120734,0.0180652842540769,1.51020054308605,0.288768313348371,0.259859837233353
"BORR_01537",0,0.187914339792435,0.037832601224235,0.337310430883764,0.0180652842540769,-0.841071363806045,-0.0729896135779528,0.259859837233353
"BORR_01538",0,0.146117211113974,0.037832601224235,-0.130337798744024,0.0180652842540769,-3.43458207467692,0.288768313348371,-0.23440715863823
"BORR_01539",0,0.187914339792435,0.037832601224235,0.185207978194692,-0.0141663669819817,1.51020054308605,0.233660361580639,0.435750503697017
"BORR_01540",0,0.146117211113974,0.0919789645941921,0.00771107355031319,-0.136391544057586,-3.43458207467692,0.00496758760456228,-0.23440715863823
"BORR_01541",0,-0.497699848459965,-0.44318444163337,0.185207978194692,-0.0141663669819817,-3.43458207467692,0.00496758760456228,-0.253221305452448
"BORR_01542",0,0.146117211113974,0.0919789645941921,-0.54507874931471,-0.136391544057586,-3.43458207467692,-0.0800626615800131,0.312929674010676
"BORR_01543",0,0.187914339792435,0.037832601224235,0.185207978194692,0.0180652842540769,-0.841071363806045,0.00496758760456228,-0.23440715863823
"BORR_01544",0,-0.497699848459965,0.0919789645941921,0.00771107355031319,-0.719557128647638,-0.841071363806045,-0.300216674045857,0.151602895919437
"BORR_01545",0,0.146117211113974,0.037832601224235,-0.130337798744024,-0.341800490445478,-3.43458207467692,-0.0800626615800131,0.312929674010676
"BORR_01546",0,0.146117211113974,0.037832601224235,0.00771107355031319,0.18935009021854,-0.841071363806045,-0.300216674045857,-0.23440715863823
"BORR_01547",0,0.187914339792435,0.037832601224235,0.185207978194692,0.0180652842540769,-3.43458207467692,0.00496758760456228,0.435750503697017
"BORR_01548",0,0.146117211113974,0.037832601224235,0.00771107355031319,-0.136391544057586,-3.43458207467692,0.00496758760456228,0.151602895919437
"BORR_01549",0,-0.497699848459965,0.037832601224235,-0.507939202365253,-0.136391544057586,1.51020054308605,0.00496758760456228,0.151602895919437
"BORR_01550",0,-0.0978146070384635,-0.44318444163337,0.00771107355031319,-0.341800490445478,1.51020054308605,-0.300216674045857,0.151602895919437
"BORR_01551",0,-0.497699848459965,0.0919789645941921,0.337310430883764,0.397035991516326,-3.43458207467692,-0.0729896135779528,0.151602895919437
"BORR_01552",0,0.146117211113974,0.037832601224235,0.00771107355031319,0.18935009021854,-3.43458207467692,0.288768313348371,-0.253221305452448
"BORR_01553",0,0.187914339792435,-0.44318444163337,-0.130337798744024,-0.0141663669819817,-0.841071363806045,0.233660361580639,0.259859837233353
"BORR_01554",0,-0.0978146070384635,0.037832601224235,-0.507939202365253,-0.341800490445478,-3.43458207467692,-0.0729896135779528,-0.23440715863823
"BORR_01555",0,0.146117211113974,0.037832601224235,0.00771107355031319,-0.136391544057586,1.51020054308605,0.233660361580639,-0.253221305452448
"BORR_01556",0,0.146117211113974,0.037832601224235,0.337310430883764,0.0180652842540769,-0.841071363806045,-0.0800626615800131,-0.852103784609621
"BORR_01557",1,0.146117211113974,0.037832601224235,0.00771107355031319,0.705083437480601,1.51020054308605,-0.0729896135779528,-0.253221305452448
"BORR_01558",0,-0.0978146070384635,0.0919789645941921,0.337310430883764,0.0180652842540769,-0.841071363806045,-0.0729896135779528,0.312929674010676
"BORR_01559",0,0.146117211113974,0.0919789645941921,0.337310430883764,0.18935009021854,-0.841071363806045,0.233660361580639,-0.592752218784067
"BORR_01560",0,0.146117211113974,0.0919789645941921,-0.507939202365253,0.705083437480601,1.51020054308605,-0.0800626615800131,0.312929674010676
"BORR_01561",0,0.146117211113974,0.037832601224235,0.00771107355031319,0.0180652842540769,1.51020054308605,-0.0800626615800131,-0.852103784609621
"BORR_01562",0,-0.0978146070384635,0.0919789645941921,-0.130337798744024,0.0180652842540769,1.51020054308605,-0.0800626615800131,0.151602895919437
"BORR_01563",0,-0.497699848459965,0.037832601224235,-0.54507874931471,-0.136391544057586,-3.43458207467692,-0.0800626615800131,-0.23440715863823
"BORR_01564",0,0.146117211113974,-0.44318444163337,0.00771107355031319,0.705083437480601,1.51020054308605,-0.411547356690187,-0.23440715863823
"BORR_01565",1,0.146117211113974,0.0919789645941921,0.337310430883764,0.18935009021854,1.51020054308605,-0.0729896135779528,-0.253221305452448
"BORR_01566",0,-0.0978146070384635,0.037832601224235,0.00771107355031319,0.0180652842540769,-0.841071363806045,-0.411547356690187,0.435750503697017
"BORR_01567",0,0.187914339792435,-0.44318444163337,0.00771107355031319,-0.136391544057586,-0.841071363806045,0.00496758760456228,-0.23440715863823
"BORR_01568",0,-0.0978146070384635,0.037832601224235,0.00771107355031319,-0.719557128647638,-3.43458207467692,0.288768313348371,0.151602895919437
"BORR_01569",0,-0.497699848459965,0.0919789645941921,0.00771107355031319,0.0180652842540769,1.51020054308605,0.233660361580639,0.435750503697017
"BORR_01570",0,0.146117211113974,-0.44318444163337,0.638875188120734,0.0180652842540769,1.51020054308605,-0.300216674045857,0.151602895919437
"BORR_01571",0,0.146117211113974,0.0919789645941921,-0.507939202365253,-0.136391544057586,-3.43458207467692,0.00496758760456228,0.259859837233353
"BORR_01572",0,0.146117211113974,0.0919789645941921,0.00771107355031319,0.0180652842540769,-3.43458207467692,0.233660361580639,-0.253221305452448
"BORR_01573",0,-0.0978146070384635,0.0919789645941921,0.00771107355031319,0.0180652842540769,0.656293273311169,0.233660361580639,0.151602895919437
"BORR_01574",0,0.146117211113974,0.037832601224235,-0.507939202365253,-0.136391544057586,0.656293273311169,-0.300216674045857,0.259859837233353
"BORR_01575",0,0.146117211113974,-0.44318444163337,0.638875188120734,-0.719557128647638,1.51020054308605,-0.0729896135779528,0.151602895919437
"BORR_01576",0,0.146117211113974,0.037832601224235,0.00771107355031319,-0.341800490445478,-3.43458207467692,-0.0729896135779528,0.151602895919437
"BORR_01577",0,0.146117211113974,0.037832601224235,-0.507939202365253,0.0180652842540769,-0.841071363806045,0.00496758760456228,0.259859837233353
"BORR_01578",1,0.187914339792435,0.037832601224235,0.185207978194692,0.0180652842540769,1.51020054308605,0.00496758760456228,0.151602895919437
"BORR_01579",0,-0.0978146070384635,0.037832601224235,-0.54507874931471,0.0180652842540769,0.656293273311169,-0.411547356690187,-0.23440715863823
"BORR_01580",0,0.187914339792435,0.037832601224235,-0.507939202365253,-0.136391544057586,-3.43458207467692,0.277145473520378,0.151602895919437
"BORR_01581",0,0.187914339792435,0.0919789645941921,0.00771107355031319,-0.136391544057586,-0.841071363806045,-0.0800626615800131,0.151602895919437
"BORR_01582",1,0.146117211113974,0.037832601224235,0.337310430883764,-0.136391544057586,-0.841071363806045,0.233660361580639,0.259859837233353
"BORR_01583",0,-0.497699848459965,0.037832601224235,0.00771107355031319,-0.0141663669819817,1.51020054308605,0.233660361580639,-0.23440715863823
"BORR_01584",1,-0.0978146070384635,0.037832601224235,0.00771107355031319,-0.341800490445478,1.51020054308605,0.233660361580639,0.151602895919437
"BORR_01585",0,0.146117211113974,0.037832601224235,0.00771107355031319,0.0180652842540769,-0.841071363806045,0.233660361580639,-0.23440715863823
"BORR_01586",0,-0.497699848459965,0.037832601224235,-1.38340793971915,0.0180652842540769,-3.43458207467692,-0.0800626615800131,-0.253221305452448
"BORR_01587",0,0.146117211113974,0.037832601224235,-1.38340793971915,-0.136391544057586,-3.43458207467692,-0.0800626615800131,-0.852103784609621
"BORR_01588",0,0.146117211113974,0.037832601224235,0.00771107355031319,0.0180652842540769,1.51020054308605,0.00496758760456228,0.151602895919437
"BORR_01589",0,-0.497699848459965,0.037832601224235,0.00771107355031319,-0.341800490445478,-0.841071363806045,-0.0729896135779528,-0.23440715863823
"BORR_01590",0,-0.497699848459965,0.037832601224235,0.00771107355031319,-0.341800490445478,-0.841071363806045,0.00496758760456228,-0.23440715863823
"BORR_01591",0,0.146117211113974,0.037832601224235,0.00771107355031319,-0.719557128647638,-0.841071363806045,0.277145473520378,0.151602895919437
"BORR_01592",1,0.187914339792435,0.037832601224235,0.00771107355031319,-0.136391544057586,0.656293273311169,-0.0729896135779528,-0.253221305452448
"BORR_01593",0,0.146117211113974,0.0919789645941921,0.337310430883764,-0.136391544057586,-0.841071363806045,0.277145473520378,-0.253221305452448
"BORR_01594",0,0.146117211113974,-0.44318444163337,-0.130337798744024,-0.341800490445478,-3.43458207467692,-0.0800626615800131,-0.253221305452448
"BORR_01595",0,0.146117211113974,0.037832601224235,0.00771107355031319,0.0180652842540769,-3.43458207467692,0.233660361580639,-0.253221305452448
"BORR_01596",0,-0.497699848459965,0.037832601224235,0.00771107355031319,0.0180652842540769,-3.43458207467692,0.00496758760456228,-0.852103784609621
"BORR_01597",0,0.146117211113974,0.037832601224235,0.185207978194692,-0.341800490445478,1.51020054308605,0.00496758760456228,-0.23440715863823
"BORR_01598",0,0.146117211113974,0.037832601224235,0.00771107355031319,0.18935009021854,-3.43458207467692,-0.300216674045857,-0.23440715863823
"BORR_01599",0,-0.0978146070384635,0.037832601224235,0.00771107355031319,-0.341800490445478,-3.43458207467692,0.233660361580639,-0.852103784609621
"BORR_01600",0,0.187914339792435,0.037832601224235,-0.54507874931471,0.0180652842540769,-3.43458207467692,-0.411547356690187,-0.23440715863823
"BORR_01601",0,-0.497699848459965,-0.44318444163337,0.337310430883764,0.0180652842540769,-3.43458207467692,-0.0800626615800131,0.435750503697017
"BORR_01602",0,0.146117211113974,0.037832601224235,0.337310430883764,0.0180652842540769,-3.43458207467692,0.277145473520378,0.435750503697017
"BORR_01603",0,0.146117211113974,0.037832601224235,-0.54507874931471,0.18935009021854,1.51020054308605,0.233660361580639,-0.253221305452448
"BORR_01604",0,-0.0978146070384635,0.037832601224235,0.185207978194692,-0.341800490445478,-3.43458207467692,-0.0729896135779528,0.151602895919437
"BORR_01605",0,0.146117211113974,0.0919789645941921,-0.507939202365253,0.18935009021854,-0.841071363806045,-0.0800626615800131,-0.23440715863823
"BORR_01606",0,0.187914339792435,0.037832601224235,-0.54507874931471,0.0180652842540769,1.51020054308605,0.277145473520378,0.312929674010676
"BORR_01607",0,0.146117211113974,0.0919789645941921,0.337310430883764,0.0180652842540769,-0.841071363806045,0.233660361580639,-0.23440715863823
"BORR_01608",0,0.146117211113974,0.037832601224235,0.00771107355031319,-0.136391544057586,-3.43458207467692,-0.411547356690187,0.312929674010676
"BORR_01609",0,-0.0978146070384635,0.037832601224235,0.00771107355031319,-0.136391544057586,-0.841071363806045,0.00496758760456228,-0.23440715863823
"BORR_01610",0,0.187914339792435,0.037832601224235,0.00771107355031319,0.397035991516326,-0.841071363806045,0.277145473520378,0.151602895919437
"BORR_01611",0,0.146117211113974,0.037832601224235,0.638875188120734,-0.341800490445478,-3.43458207467692,0.00496758760456228,-0.253221305452448
"BORR_01612",0,0.146117211113974,-0.44318444163337,0.00771107355031319,0.0180652842540769,-3.43458207467692,0.00496758760456228,0.151602895919437
"BORR_01613",0,-0.0978146070384635,0.037832601224235,-0.54507874931471,0.18935009021854,1.51020054308605,0.00496758760456228,-0.592752218784067
"BORR_01614",0,0.146117211113974,-0.44318444163337,0.337310430883764,-0.136391544057586,-3.43458207467692,0.00496758760456228,0.435750503697017
"BORR_01615",0,-0.0978146070384635,-0.44318444163337,0.00771107355031319,0.18935009021854,0.656293273311169,0.288768313348371,0.151602895919437
"BORR_01616",0,-0.497699848459965,0.037832601224235,-0.54507874931471,-0.341800490445478,-3.43458207467692,0.00496758760456228,-0.592752218784067
"BORR_01617",0,0.146117211113974,0.037832601224235,0.00771107355031319,0.397035991516326,-3.43458207467692,0.233660361580639,0.435750503697017
"BORR_01618",0,0.146117211113974,0.037832601224235,0.638875188120734,-0.341800490445478,-0.841071363806045,-0.0729896135779528,-0.23440715863823
"BORR_01619",0,0.187914339792435,0.037832601224235,0.337310430883764,0.18935009021854,-3.43458207467692,0.00496758760456228,-0.253221305452448
"BORR_01620",0,-0.0978146070384635,0.037832601224235,0.00771107355031319,-0.341800490445478,-3.43458207467692,0.00496758760456228,0.151602895919437
"BORR_01621",0,0.146117211113974,0.037832601224235,-0.507939202365253,-0.341800490445478,-3.43458207467692,0.00496758760456228,0.151602895919437
"BORR_01622",0,0.146117211113974,0.037832601224235,0.00771107355031319,0.705083437480601,1.51020054308605,0.00496758760456228,-0.23440715863823
"BORR_01623",0,-0.497699848459965,0.037832601224235,-0.507939202365253,-0.719557128647638,-0.841071363806045,0.00496758760456228,-0.23440715863823
"BORR_01624",0,0.146117211113974,0.037832601224235,0.00771107355031319,-0.136391544057586,-0.841071363806045,0.288768313348371,-0.253221305452448
"BORR_01625",0,-0.0978146070384635,0.037832601224235,0.00771107355031319,0.0180652842540769,-3.43458207467692,0.00496758760456228,0.151602895919437
"BORR_01626",0,0.187914339792435,0.0919789645941921,0.185207978194692,-0.341800490445478,-0.841071363806045,-0.0729896135779528,-0.253221305452448
"BORR_01627",0,0.146117211113974,0.0919789645941921,0.00771107355031319,-0.0141663669819817,-3.43458207467692,0.00496758760456228,0.259859837233353
"BORR_01628",0,-0.497699848459965,0.037832601224235,-0.130337798744024,-0.0141663669819817,-3.43458207467692,0.00496758760456228,-0.23440715863823
"BORR_01629",0,-0.0978146070384635,0.037832601224235,0.185207978194692,0.0180652842540769,1.51020054308605,0.00496758760456228,0.151602895919437
"BORR_01630",0,0.146117211113974,0.0919789645941921,-1.38340793971915,0.18935009021854,-0.841071363806045,0.288768313348371,-0.592752218784067
"BORR_01631",0,-0.497699848459965,0.037832601224235,0.638875188120734,-0.136391544057586,-3.43458207467692,-0.0800626615800131,0.151602895919437
"BORR_01632",0,0.146117211113974,0.0919789645941921,0.185207978194692,-0.341800490445478,1.51020054308605,-0.300216674045857,0.151602895919437
"BORR_01633",0,0.187914339792435,0.037832601224235,-1.38340793971915,-0.341800490445478,-0.841071363806045,0.00496758760456228,0.259859837233353
"BORR_01634",0,-0.497699848459965,0.037832601224235,0.185207978194692,0.0180652842540769,-3.43458207467692,-0.0729896135779528,-0.253221305452448
"BORR_01635",0,-0.497699848459965,0.037832601224235,0.00771107355031319,0.0180652842540769,1.51020054308605,-0.0800626615800131,-0.852103784609621
"BORR_01636",1,0.146117211113974,0.037832601224235,0.00771107355031319,0.0180652842540769,1.51020054308605,0.233660361580639,-0.23440715863823
"BORR_01637",0,0.146117211113974,0.037832601224235,-0.54507874931471,-0.136391544057586,-0.841071363806045,0.00496758760456228,0.259859837233353
"BORR_01638",0,0.146117211113974,0.037832601224235,0.337310430883764,-0.136391544057586,1.51020054308605,0.00496758760456228,-0.592752218784067
"BORR_01639",0,0.146117211113974,0.0919789645941921,0.00771107355031319,0.397035991516326,0.656293273311169,0.00496758760456228,0.312929674010676
"BORR_01640",0,0.187914339792435,-0.44318444163337,0.00771107355031319,-0.341800490445478,1.51020054308605,-0.0729896135779528,0.259859837233353
"BORR_01641",0,0.146117211113974,0.037832601224235,0.638875188120734,-0.136391544057586,-3.43458207467692,0.277145473520378,0.151602895919437
"BORR_01642",0,0.146117211113974,0.0919789645941921,0.00771107355031319,0.705083437480601,-3.43458207467692,-0.0800626615800131,0.151602895919437
"BORR_01643",0,0.146117211113974,0.037832601224235,0.638875188120734,-0.136391544057586,-0.841071363806045,-0.300216674045857,-0.23440715863823
"BORR_01644",0,0.146117211113974,0.037832601224235,0.337310430883764,-0.341800490445478,-0.841071363806045,0.00496758760456228,0.259859837233353
"BORR_01645",0,-0.497699848459965,0.0919789645941921,-0.54507874931471,-0.341800490445478,-3.43458207467692,0.233660361580639,0.151602895919437
"BORR_01646",0,0.146117211113974,0.037832601224235,-1.38340793971915,0.0180652842540769,1.51020054308605,-0.0729896135779528,-0.253221305452448
"BORR_01647",0,0.146117211113974,0.037832601224235,0.00771107355031319,0.18935009021854,1.51020054308605,-0.0729896135779528,-0.23440715863823
"BORR_01648",0,-0.0978146070384635,0.037832601224235,0.00771107355031319,-0.136391544057586,0.656293273311169,-0.0729896135779528,-0.23440715863823
"BORR_01649",0,0.146117211113974,0.037832601224235,0.185207978194692,0.0180652842540769,0.656293273311169,0.00496758760456228,0.151602895919437
"BORR_01650",0,-0.497699848459965,-0.44318444163337,0.337310430883764,-0.341800490445478,-3.43458207467692,-0.300216674045857,0.435750503697017
"BORR_01651",0,-0.497699848459965,-0.44318444163337,0.00771107355031319,0.705083437480601,-3.43458207467692,0.00496758760456228,0.312929674010676
"BORR_01652",0,0.146117211113974,0.0919789645941921,0.00771107355031319,-0.136391544057586,-3.43458207467692,-0.300216674045857,-0.253221305452448
"BORR_01653",0,0.146117211113974,0.0919789645941921,-1.38340793971915,0.397035991516326,0.656293273311169,-0.300216674045857,0.151602895919437
"BORR_01654",0,0.146117211113974,0.037832601224235,0.337310430883764,-0.136391544057586,1.51020054308605,-0.411547356690187,0.151602895919437
"BORR_01655",0,0.146117211113974,0.037832601224235,-0.130337798744024,0.0180652842540769,-0.841071363806045,-0.300216674045857,-0.592752218784067
"BORR_01656",0,-0.497699848459965,0.037832601224235,0.00771107355031319,0.0180652842540769,1.51020054308605,0.00496758760456228,0.435750503697017
"BORR_01657",0,0.146117211113974,0.037832601224235,-0.54507874931471,-0.0141663669819817,-3.43458207467692,-0.0729896135779528,-0.23440715863823
"BORR_01658",0,0.146117211113974,0.037832601224235,0.337310430883764,0.0180652842540769,-0.841071363806045,-0.300216674045857,0.312929674010676
"BORR_01659",0,0.146117211113974,0.037832601224235,0.185207978194692,0.0180652842540769,1.51020054308605,-0.300216674045857,0.435750503697017
"BORR_01660",0,0.146117211113974,0.037832601224235,0.337310430883764,-0.341800490445478,0.656293273311169,-0.0729896135779528,0.151602895919437
"BORR_01661",0,0.146117211113974,0.037832601224235,0.00771107355031319,-0.0141663669819817,1.51020054308605,0.00496758760456228,-0.253221305452448
"BORR_01662",0,0.146117211113974,0.037832601224235,0.00771107355031319,-0.341800490445478,-3.43458207467692,-0.411547356690187,0.151602895919437
"BORR_01663",0,0.146117211113974,0.037832601224235,-1.38340793971915,0.0180652842540769,-3.43458207467692,-0.0729896135779528,0.312929674010676
"BORR_01664",0,-0.0978146070384635,0.0919789645941921,0.638875188120734,-0.341800490445478,-3.43458207467692,0.00496758760456228,-0.23440715863823
"BORR_01665",0,0.187914339792435,0.037832601224235,0.00771107355031319,0.18935009021854,-0.841071363806045,-0.0729896135779528,0.312929674010676
"BORR_01666",0,0.146117211113974,0.037832601224235,0.00771107355031319,-0.341800490445478,-3.43458207467692,-0.0800626615800131,0.151602895919437
"BORR_01667",0,0.146117211113974,0.0919789645941921,0.337310430883764,-0.719557128647638,0.656293273311169,-0.0729896135779528,0.151602895919437
"BORR_01668",0,0.146117211113974,0.037832601224235,0.337310430883764,0.0180652842540769,1.51020054308605,-0.0729896135779528,0.259859837233353
"BORR_01669",0,-0.497699848459965,0.037832601224235,0.337310430883764,0.0180652842540769,1.51020054308605,0.00496758760456228,-0.592752218784067
"BORR_01670",0,0.146117211113974,0.0919789645941921,-1.38340793971915,0.0180652842540769,-3.43458207467692,-0.0729896135779528,0.435750503697017
"BORR_01671",0,-0.0978146070384635,0.0919789645941921,-0.507939202365253,0.0180652842540769,-3.43458207467692,0.00496758760456228,0.312929674010676
"BORR_01672",0,0.146117211113974,0.037832601224235,0.185207978194692,-0.341800490445478,-3.43458207467692,-0.0800626615800131,-0.253221305452448
"BORR_01673",0,0.146117211113974,0.0919789645941921,0.337310430883764,0.397035991516326,1.51020054308605,0.00496758760456228,-0.23440715863823
"BORR_01674",0,0.146117211113974,0.0919789645941921,0.00771107355031319,-0.341800490445478,0.656293273311169,-0.0729896135779528,0.151602895919437
"BORR_01675",0,0.146117211113974,0.037832601224235,0.00771107355031319,0.0180652842540769,-3.43458207467692,0.288768313348371,-0.852103784609621
"BORR_01676",0,0.146117211113974,0.037832601224235,0.00771107355031319,-0.719557128647638,-3.43458207467692,0.233660361580639,-0.852103784609621
"BORR_01677",0,-0.497699848459965,0.0919789645941921,0.00771107355031319,-0.136391544057586,-0.841071363806045,-0.411547356690187,-0.592752218784067
"BORR_01678",0,0.146117211113974,0.0919789645941921,-0.54507874931471,0.0180652842540769,-0.841071363806045,0.00496758760456228,0.312929674010676
"BORR_01679",0,0.187914339792435,0.0919789645941921,0.185207978194692,0.0180652842540769,-0.841071363806045,0.288768313348371,0.151602895919437
"BORR_01680",1,-0.497699848459965,0.037832601224235,0.185207978194692,-0.136391544057586,1.51020054308605,-0.300216674045857,0.151602895919437
"BORR_01681",0,-0.497699848459965,0.037832601224235,0.00771107355031319,-0.719557128647638,-3.43458207467692,-0.0729896135779528,0.151602895919437
"BORR_01682",0,0.146117211113974,0.037832601224235,0.185207978194692,0.0180652842540769,-0.841071363806045,0.233660361580639,-0.852103784609621
"BORR_01683",0,-0.0978146070384635,0.037832601224235,-1.38340793971915,0.0180652842540769,-3.43458207467692,0.00496758760456228,-0.23440715863823
"BORR_01684",0,0.146117211113974,0.037832601224235,-1.38340793971915,-0.136391544057586,-3.43458207467692,0.00496758760456228,0.435750503697017
"BORR_01685",0,0.187914339792435,-0.44318444163337,0.185207978194692,0.18935009021854,-3.43458207467692,-0.300216674045857,0.151602895919437
"BORR_01686",1,0.146117211113974,0.0919789645941921,0.185207978194692,0.0180652842540769,1.51020054308605,0.00496758760456228,0.151602895919437
"BORR_01687",0,-0.497699848459965,0.037832601224235,0.00771107355031319,-0.341800490445478,-3.43458207467692,0.00496758760456228,0.151602895919437
"BORR_01688",0,0.146117211113974,-0.44318444163337,0.638875188120734,-0.136391544057586,-3.43458207467692,0.277145473520378,-0.592752218784067
"BORR_01689",0,0.146117211113974,0.0919789645941921,-0.54507874931471,-0.136391544057586,-0.841071363806045,0.288768313348371,0.151602895919437
"BORR_01690",0,0.146117211113974,0.037832601224235,-0.507939202365253,0.18935009021854,-0.841071363806045,-0.411547356690187,0.151602895919437
"BORR_01691",0,-0.497699848459965,0.037832601224235,0.00771107355031319,0.18935009021854,0.656293273311169,0.288768313348371,-0.253221305452448
"BORR_01692",0,0.146117211113974,0.037832601224235,-0.130337798744024,0.0180652842540769,-3.43458207467692,0.277145473520378,0.259859837233353
"BORR_01693",0,0.146117211113974,0.0919789645941921,0.185207978194692,-0.136391544057586,-3.43458207467692,0.277145473520378,-0.852103784609621
"BORR_01694",0,0.146117211113974,0.037832601224235,0.00771107355031319,0.0180652842540769,-0.841071363806045,-0.411547356690187,0.151602895919437
"BORR_01695",0,0.146117211113974,0.0919789645941921,0.00771107355031319,-0.136391544057586,-0.841071363806045,0.233660361580639,0.435750503697017
"BORR_01696",0,0.146117211113974,0.037832601224235,0.185207978194692,0.0180652842540769,1.51020054308605,0.00496758760456228,0.259859837233353
"BORR_01697",0,0.146117211113974,0.0919789645941921,0.185207978194692,-0.136391544057586,-3.43458207467692,0.277145473520378,0.151602895919437
"BORR_01698",0,-0.0978146070384635,0.0919789645941921,0.00771107355031319,0.0180652842540769,-3.43458207467692,-0.411547356690187,0.151602895919437
"BORR_01699",0,-0.497699848459965,0.0919789645941921,0.00771107355031319,-0.341800490445478,-0.841071363806045,0.00496758760456228,-0.253221305452448
"BORR_01700",1,0.146117211113974,0.037832601224235,-0.507939202365253,0.705083437480601,1.51020054308605,-0.0729896135779528,0.312929674010676
"BORR_01701",0,-0.0978146070384635,0.0919789645941921,0.337310430883764,-0.341800490445478,-3.43458207467692,-0.0729896135779528,0.151602895919437
"BORR_01702",0,-0.0978146070384635,-0.44318444163337,-0.507939202365253,-0.136391544057586,-3.43458207467692,0.00496758760456228,0.435750503697017
"BORR_01703",0,0.146117211113974,-0.44318444163337,0.185207978194692,0.18935009021854,-3.43458207467692,0.00496758760456228,0.312929674010676
"BORR_01704",0,0.146117211113974,0.0919789645941921,-1.38340793971915,-0.341800490445478,-3.43458207467692,0.233660361580639,0.151602895919437
"BORR_01705",0,0.146117211113974,0.0919789645941921,0.00771107355031319,-0.0141663669819817,-0.841071363806045,-0.0729896135779528,-0.23440715863823
"BORR_01706",0,0.146117211113974,0.037832601224235,0.00771107355031319,-0.136391544057586,1.51020054308605,0.00496758760456228,0.312929674010676
"BORR_01707",0,-0.497699848459965,0.037832601224235,0.185207978194692,0.18935009021854,1.51020054308605,0.277145473520378,0.312929674010676
"BORR_01708",0,0.146117211113974,0.037832601224235,-0.507939202365253,-0.136391544057586,-3.43458207467692,0.277145473520378,0.259859837233353
"BORR_01709",0,0.146117211113974,0.037832601224235,0.185207978194692,-0.136391544057586,-0.841071363806045,-0.0800626615800131,0.151602895919437
"BORR_01710",0,0.146117211113974,0.037832601224235,0.337310430883764,-0.136391544057586,-0.841071363806045,0.233660361580639,0.151602895919437
"BORR_01711",0,-0.497699848459965,0.037832601224235,0.185207978194692,0.397035991516326,-0.841071363806045,0.00496758760456228,-0.253221305452448
"BORR_01712",0,0.187914339792435,-0.44318444163337,-0.130337798744024,0.18935009021854,-0.841071363806045,0.00496758760456228,0.312929674010676
"BORR_01713",0,-0.497699848459965,-0.44318444163337,0.185207978194692,-0.341800490445478,1.51020054308605,0.00496758760456228,-0.23440715863823
"BORR_01714",0,0.146117211113974,0.037832601224235,-0.130337798744024,-0.136391544057586,-3.43458207467692,0.00496758760456228,-0.852103784609621
"BORR_01715",0,0.146117211113974,0.037832601224235,0.638875188120734,-0.136391544057586,-3.43458207467692,-0.0800626615800131,-0.852103784609621
"BORR_01716",0,0.187914339792435,0.037832601224235,-1.38340793971915,-0.0141663669819817,-3.43458207467692,-0.300216674045857,-0.23440715863823
"BORR_01717",1,0.146117211113974,0.037832601224235,0.185207978194692,0.0180652842540769,1.51020054308605,0.00496758760456228,-0.253221305452448
"BORR_01718",0,-0.497699848459965,0.037832601224235,0.185207978194692,-0.0141663669819817,0.656293273311169,0.277145473520378,-0.23440715863823
"BORR_01719",0,-0.0978146070384635,0.037832601224235,0.185207978194692,0.705083437480601,-0.841071363806045,0.277145473520378,0.259859837233353
"BORR_01720",0,-0.497699848459965,-0.44318444163337,0.00771107355031319,-0.341800490445478,-3.43458207467692,0.00496758760456228,0.151602895919437
"BORR_01721",0,-0.497699848459965,0.0919789645941921,-0.507939202365253,-0.136391544057586,-3.43458207467692,-0.0729896135779528,-0.852103784609621
"BORR_01722",0,-0.0978146070384635,0.037832601224235,0.00771107355031319,0.0180652842540769,-3.43458207467692,-0.0800626615800131,0.259859837233353
"BORR_01723",0,0.187914339792435,0.037832601224235,-0.130337798744024,0.397035991516326,-3.43458207467692,0.00496758760456228,0.151602895919437
"BORR_01724",0,-0.497699848459965,0.037832601224235,-0.54507874931471,-0.136391544057586,-3.43458207467692,0.00496758760456228,-0.852103784609621
"BORR_01725",0,0.146117211113974,0.037832601224235,-0.507939202365253,-0.136391544057586,-0.841071363806045,0.233660361580639,-0.23440715863823
"BORR_01726",0,-0.497699848459965,-0.44318444163337,-1.38340793971915,-0.341800490445478,-3.43458207467692,0.00496758760456228,0.312929674010676
"BORR_01727",0,-0.497699848459965,0.037832601224235,0.00771107355031319,-0.136391544057586,-3.43458207467692,-0.411547356690187,0.151602895919437
"BORR_01728",0,0.146117211113974,0.037832601224235,-0.54507874931471,-0.341800490445478,-3.43458207467692,-0.0729896135779528,-0.23440715863823
"BORR_01729",0,0.146117211113974,0.037832601224235,-1.38340793971915,0.0180652842540769,1.51020054308605,0.00496758760456228,0.151602895919437
"BORR_01730",0,-0.0978146070384635,0.037832601224235,0.185207978194692,0.0180652842540769,-3.43458207467692,0.00496758760456228,-0.253221305452448
"BORR_01731",0,0.146117211113974,0.037832601224235,-0.507939202365253,0.0180652842540769,0.656293273311169,-0.0800626615800131,0.151602895919437
"BORR_01732",0,0.146117211113974,0.0919789645941921,0.00771107355031319,0.0180652842540769,-3.43458207467692,-0.0800626615800131,-0.23440715863823
"BORR_01733",0,-0.0978146070384635,0.0919789645941921,-0.130337798744024,-0.136391544057586,-0.841071363806045,0.233660361580639,-0.852103784609621
"BORR_01734",0,-0.0978146070384635,0.037832601224235,0.337310430883764,-0.136391544057586,-3.43458207467692,-0.0729896135779528,0.435750503697017
"BORR_01735",0,0.146117211113974,0.037832601224235,0.185207978194692,0.0180652842540769,-3.43458207467692,-0.300216674045857,0.312929674010676
"BORR_01736",0,-0.0978146070384635,0.037832601224235,-1.38340793971915,0.397035991516326,-0.841071363806045,-0.411547356690187,-0.253221305452448
"BORR_01737",0,0.146117211113974,-0.44318444163337,0.00771107355031319,0.0180652842540769,-0.841071363806045,0.233660361580639,0.151602895919437
"BORR_01738",0,-0.0978146070384635,0.037832601224235,0.185207978194692,0.18935009021854,1.51020054308605,-0.411547356690187,0.151602895919437
"BORR_01739",0,0.146117211113974,0.037832601224235,0.00771107355031319,-0.136391544057586,-3.43458207467692,-0.300216674045857,0.151602895919437
"BORR_01740",0,-0.497699848459965,0.037832601224235,0.00771107355031319,0.0180652842540769,-3.43458207467692,0.00496758760456228,0.151602895919437
"BORR_01741",0,0.146117211113974,0.037832601224235,0.337310430883764,-0.0141663669819817,-0.841071363806045,-0.0800626615800131,-0.253221305452448
"BORR_01742",0,-0.0978146070384635,0.037832601224235,0.00771107355031319,-0.341800490445478,-3.43458207467692,0.277145473520378,0.312929674010676
"BORR_01743",1,-0.497699848459965,0.037832601224235,0.00771107355031319,-0.341800490445478,1.51020054308605,0.00496758760456228,0.151602895919437
"BORR_01744",0,0.146117211113974,0.037832601224235,-0.507939202365253,0.0180652842540769,-3.43458207467692,0.00496758760456228,0.259859837233353
"BORR_01745",0,0.146117211113974,-0.44318444163337,0.00771107355031319,-0.341800490445478,-3.43458207467692,-0.0800626615800131,0.259859837233353
"BORR_01746",0,0.146117211113974,0.037832601224235,0.00771107355031319,-0.341800490445478,-3.43458207467692,0.233660361580639,0.151602895919437
"BORR_01747",0,0.146117211113974,-0.44318444163337,0.00771107355031319,0.0180652842540769,0.656293273311169,0.288768313348371,0.435750503697017
"BORR_01748",0,0.146117211113974,0.037832601224235,0.00771107355031319,0.0180652842540769,-3.43458207467692,-0.411547356690187,0.435750503697017
"BORR_01749",0,0.187914339792435,-0.44318444163337,0.185207978194692,0.0180652842540769,-3.43458207467692,0.00496758760456228,0.259859837233353
"BORR_01750",0,-0.497699848459965,-0.44318444163337,0.185207978194692,-0.136391544057586,-3.43458207467692,-0.411547356690187,-0.23440715863823
"BORR_01751",0,0.146117211113974,0.037832601224235,-0.507939202365253,-0.719557128647638,-3.43458207467692,0.277145473520378,-0.23440715863823
"BORR_01752",0,-0.497699848459965,-0.44318444163337,0.185207978194692,-0.136391544057586,-3.43458207467692,-0.0729896135779528,0.151602895919437
"BORR_01753",0,0.146117211113974,0.037832601224235,0.185207978194692,0.18935009021854,-0.841071363806045,0.00496758760456228,-0.253221305452448
"BORR_01754",0,0.146117211113974,-0.44318444163337,0.00771107355031319,-0.341800490445478,0.656293273311169,0.00496758760456228,-0.23440715863823
"BORR_01755",0,-0.497699848459965,0.037832601224235,0.00771107355031319,0.18935009021854,-3.43458207467692,-0.300216674045857,-0.253221305452448
"BORR_01756",0,0.146117211113974,0.037832601224235,-0.54507874931471,-0.136391544057586,-0.841071363806045,-0.0729896135779528,-0.592752218784067
"BORR_01757",0,0.146117211113974,0.037832601224235,-0.54507874931471,0.0180652842540769,-0.841071363806045,-0.300216674045857,-0.253221305452448
"BORR_01758",0,-0.0978146070384635,0.037832601224235,0.185207978194692,-0.341800490445478,-3.43458207467692,-0.0729896135779528,-0.253221305452448
"BORR_01759",0,0.146117211113974,0.037832601224235,0.00771107355031319,0.18935009021854,0.656293273311169,0.00496758760456228,-0.592752218784067
"BORR_01760",0,0.187914339792435,0.037832601224235,-1.38340793971915,0.18935009021854,-3.43458207467692,0.277145473520378,0.435750503697017
"BORR_01761",1,0.146117211113974,0.0919789645941921,0.00771107355031319,0.0180652842540769,-0.841071363806045,0.00496758760456228,0.312929674010676
"BORR_01762",0,-0.497699848459965,0.0919789645941921,-0.130337798744024,-0.341800490445478,-0.841071363806045,-0.0729896135779528,-0.852103784609621
"BORR_01763",0,-0.497699848459965,0.037832601224235,0.185207978194692,-0.136391544057586,-0.841071363806045,0.00496758760456228,0.312929674010676
"BORR_01764",0,-0.497699848459965,0.037832601224235,0.00771107355031319,0.397035991516326,-3.43458207467692,0.00496758760456228,-0.852103784609621
"BORR_01765",0,-0.0978146070384635,0.037832601224235,0.00771107355031319,-0.136391544057586,-3.43458207467692,0.233660361580639,-0.23440715863823
"BORR_01766",1,0.146117211113974,0.037832601224235,0.337310430883764,0.0180652842540769,1.51020054308605,-0.0800626615800131,0.151602895919437
"BORR_01767",0,0.187914339792435,0.037832601224235,0.185207978194692,-0.136391544057586,0.656293273311169,-0.411547356690187,0.151602895919437
"BORR_01768",0,-0.497699848459965,-0.44318444163337,0.00771107355031319,-0.341800490445478,0.656293273311169,0.233660361580639,0.312929674010676
"BORR_01769",0,0.146117211113974,0.037832601224235,-0.54507874931471,-0.341800490445478,1.51020054308605,-0.0729896135779528,0.435750503697017
"BORR_01770",0,0.146117211113974,0.0919789645941921,-0.130337798744024,-0.0141663669819817,1.51020054308605,-0.0729896135779528,0.151602895919437
"BORR_01771",0,0.146117211113974,0.037832601224235,0.638875188120734,0.0180652842540769,-3.43458207467692,0.00496758760456228,-0.23440715863823
"BORR_01772",0,-0.497699848459965,0.037832601224235,0.638875188120734,-0.341800490445478,-0.841071363806045,-0.411547356690187,-0.852103784609621
"BORR_01773",0,0.146117211113974,0.037832601224235,-0.507939202365253,0.0180652842540769,-0.841071363806045,0.00496758760456228,0.151602895919437
"BORR_01774",0,-0.497699848459965,0.037832601224235,0.337310430883764,0.397035991516326,0.656293273311169,0.00496758760456228,0.151602895919437
"BORR_01775",0,0.146117211113974,0.0919789645941921,0.00771107355031319,0.705083437480601,-0.841071363806045,0.00496758760456228,-0.592752218784067
"BORR_01776",0,-0.497699848459965,-0.44318444163337,0.00771107355031319,-0.136391544057586,-0.841071363806045,-0.0800626615800131,0.151602895919437
"BORR_01777",0,-0.0978146070384635,0.037832601224235,0.337310430883764,-0.136391544057586,-3.43458207467692,-0.0729896135779528,-0.852103784609621
"BORR_01778",0,-0.497699848459965,0.037832601224235,0.00771107355031319,0.0180652842540769,-3.43458207467692,0.277145473520378,0.435750503697017
"BORR_01779",0,0.187914339792435,-0.44318444163337,0.00771107355031319,-0.341800490445478,-0.841071363806045,-0.411547356690187,-0.253221305452448
"BORR_01780",0,0.187914339792435,0.037832601224235,0.00771107355031319,-0.136391544057586,-3.43458207467692,0.277145473520378,-0.852103784609621
"BORR_01781",0,0.187914339792435,-0.44318444163337,-0.130337798744024,-0.341800490445478,-3.43458207467692,0.00496758760456228,-0.23440715863823
"BORR_01782",0,0.146117211113974,0.037832601224235,0.00771107355031319,0.0180652842540769,-3.43458207467692,-0.0729896135779528,0.435750503697017
"BORR_01783",0,-0.497699848459965,0.037832601224235,0.00771107355031319,-0.341800490445478,-0.841071363806045,-0.0729896135779528,0.259859837233353
"BORR_01784",0,0.146117211113974,0.0919789645941921,0.00771107355031319,0.0180652842540769,-3.43458207467692,0.00496758760456228,-0.592752218784067
"BORR_01785",0,0.146117211113974,0.037832601224235,-0.507939202365253,0.0180652842540769,-3.43458207467692,-0.300216674045857,0.435750503697017
"BORR_01786",0,0.146117211113974,0.037832601224235,-0.54507874931471,0.0180652842540769,1.51020054308605,-0.0729896135779528,-0.253221305452448
"BORR_01787",0,0.146117211113974,0.0919789645941921,-0.130337798744024,-0.341800490445478,-3.43458207467692,0.00496758760456228,0.259859837233353
"BORR_01788",0,-0.0978146070384635,0.037832601224235,0.00771107355031319,0.705083437480601,-3.43458207467692,0.233660361580639,-0.253221305452448
"BORR_01789",0,-0.497699848459965,0.037832601224235,0.00771107355031319,-0.136391544057586,1.51020054308605,-0.0729896135779528,0.151602895919437
"BORR_01790",0,-0.497699848459965,-0.44318444163337,0.638875188120734,0.0180652842540769,1.51020054308605,-0.0800626615800131,0.151602895919437
"BORR_01791",0,0.146117211113974,0.037832601224235,-0.54507874931471,0.0180652842540769,-0.841071363806045,0.00496758760456228,0.312929674010676
"BORR_01792",1,-0.497699848459965,0.037832601224235,-0.507939202365253,0.397035991516326,1.51020054308605,0.277145473520378,-0.23440715863823
"BORR_01793",0,0.146117211113974,0.0919789645941921,-1.38340793971915,0.0180652842540769,-0.841071363806045,0.277145473520378,0.259859837233353
"BORR_01794",0,-0.0978146070384635,0.037832601224235,0.00771107355031319,-0.341800490445478,-0.841071363806045,-0.0729896135779528,0.259859837233353
"BORR_01795",0,0.146117211113974,0.037832601224235,-0.130337798744024,0.0180652842540769,-3.43458207467692,-0.0800626615800131,0.151602895919437
"BORR_01796",0,0.146117211113974,0.037832601224235,0.185207978194692,0.0180652842540769,-0.841071363806045,-0.0800626615800131,-0.852103784609621
"BORR_01797",0,-0.497699848459965,0.0919789645941921,0.185207978194692,0.0180652842540769,-3.43458207467692,-0.411547356690187,0.151602895919437
"BORR_01798",0,0.146117211113974,0.037832601224235,-1.38340793971915,0.397035991516326,-3.43458207467692,0.277145473520378,-0.23440715863823
"BORR_01799",0,-0.0978146070384635,0.0919789645941921,-0.130337798744024,-0.0141663669819817,1.51020054308605,-0.0729896135779528,-0.23440715863823
"BORR_01800",0,-0.497699848459965,-0.44318444163337,0.185207978194692,-0.136391544057586,-0.841071363806045,-0.0729896135779528,0.312929674010676
"BORR_01801",0,0.146117211113974,0.037832601224235,-0.507939202365253,-0.341800490445478,-3.43458207467692,-0.0729896135779528,0.259859837233353
"BORR_01802",0,0.146117211113974,0.037832601224235,-1.38340793971915,-0.341800490445478,-0.841071363806045,-0.0729896135779528,0.151602895919437
"BORR_01803",0,-0.0978146070384635,0.037832601224235,-0.54507874931471,-0.341800490445478,1.51020054308605,-0.0800626615800131,-0.23440715863823
"BORR_01804",0,0.187914339792435,0.0919789645941921,0.337310430883764,-0.341800490445478,1.51020054308605,0.233660361580639,0.151602895919437
"BORR_01805",1,0.146117211113974,0.037832601224235,0.00771107355031319,-0.136391544057586,0.656293273311169,0.00496758760456228,0.151602895919437
"BORR_01806",0,0.146117211113974,0.037832601224235,0.337310430883764,-0.0141663669819817,-0.841071363806045,0.00496758760456228,0.151602895919437
"BORR_01807",0,0.146117211113974,-0.44318444163337,0.00771107355031319,-0.0141663669819817,-0.841071363806045,-0.0800626615800131,0.259859837233353
"BORR_01808",0,0.187914339792435,0.0919789645941921,0.185207978194692,0.0180652842540769,-0.841071363806045,-0.411547356690187,0.151602895919437
"BORR_01809",0,-0.497699848459965,0.037832601224235,0.00771107355031319,0.0180652842540769,-0.841071363806045,-0.0729896135779528,-0.592752218784067
"BORR_01810",1,0.146117211113974,0.037832601224235,0.00771107355031319,0.0180652842540769,1.51020054308605,-0.0729896135779528,0.312929674010676
"BORR_01811",1,-0.497699848459965,0.037832601224235,-0.54507874931471,-0.341800490445478,1.51020054308605,0.288768313348371,-0.852103784609621
"BORR_01812",0,0.146117211113974,0.037832601224235,-0.507939202365253,0.397035991516326,-3.43458207467692,-0.300216674045857,0.151602895919437
"BORR_01813",0,0.146117211113974,0.0919789645941921,-0.54507874931471,-0.719557128647638,-0.841071363806045,0.288768313348371,0.151602895919437
"BORR_01814",0,-0.497699848459965,-0.44318444163337,0.337310430883764,0.0180652842540769,0.656293273311169,-0.300216674045857,-0.23440715863823
"BORR_01815",0,-0.0978146070384635,0.037832601224235,0.00771107355031319,0.0180652842540769,-3.43458207467692,-0.0729896135779528,-0.253221305452448
"BORR_01816",0,-0.497699848459965,0.037832601224235,-0.507939202365253,-0.719557128647638,-0.841071363806045,0.00496758760456228,0.151602895919437
"BORR_01817",0,0.146117211113974,0.0919789645941921,0.00771107355031319,-0.136391544057586,1.51020054308605,-0.0729896135779528,-0.253221305452448
"BORR_01818",0,-0.497699848459965,0.037832601224235,-0.54507874931471,0.397035991516326,-3.43458207467692,0.233660361580639,0.259859837233353
"BORR_01819",0,0.146117211113974,0.037832601224235,0.00771107355031319,-0.341800490445478,-0.841071363806045,0.00496758760456228,0.259859837233353
"BORR_01820",0,-0.0978146070384635,0.037832601224235,0.185207978194692,-0.136391544057586,-3.43458207467692,0.00496758760456228,0.312929674010676
"BORR_01821",0,0.146117211113974,0.037832601224235,0.00771107355031319,0.397035991516326,-3.43458207467692,0.00496758760456228,-0.852103784609621
"BORR_01822",0,-0.497699848459965,-0.44318444163337,0.00771107355031319,0.0180652842540769,-3.43458207467692,-0.411547356690187,-0.253221305452448
"BORR_01823",0,0.187914339792435,0.037832601224235,0.185207978194692,-0.136391544057586,-0.841071363806045,-0.0800626615800131,0.435750503697017
"BORR_01824",0,0.146117211113974,0.037832601224235,0.337310430883764,-0.341800490445478,-3.43458207467692,0.00496758760456228,0.259859837233353
"BORR_01825",0,-0.0978146070384635,0.037832601224235,-0.54507874931471,0.0180652842540769,-0.841071363806045,-0.0729896135779528,-0.23440715863823
"BORR_01826",0,-0.0978146070384635,0.037832601224235,0.337310430883764,0.397035991516326,-0.841071363806045,0.00496758760456228,0.435750503697017
"BORR_01827",0,-0.497699848459965,0.037832601224235,-1.38340793971915,0.0180652842540769,-0.841071363806045,0.277145473520378,-0.23440715863823
"BORR_01828",0,-0.497699848459965,0.037832601224235,-0.507939202365253,-0.136391544057586,1.51020054308605,0.277145473520378,0.151602895919437
"BORR_01829",0,-0.0978146070384635,0.037832601224235,0.185207978194692,0.0180652842540769,-3.43458207467692,0.00496758760456228,0.151602895919437
"BORR_01830",0,-0.497699848459965,0.037832601224235,0.337310430883764,-0.136391544057586,-0.841071363806045,-0.0729896135779528,0.435750503697017
"BORR_01831",0,-0.497699848459965,0.037832601224235,-0.507939202365253,-0.341800490445478,-0.841071363806045,0.233660361580639,-0.852103784609621
"BORR_01832",0,0.146117211113974,0.037832601224235,-1.38340793971915,0.0180652842540769,0.656293273311169,-0.0800626615800131,0.312929674010676
"BORR_01833",0,-0.497699848459965,0.037832601224235,0.185207978194692,0.0180652842540769,-0.841071363806045,-0.0729896135779528,-0.592752218784067
"BORR_01834",0,0.146117211113974,0.037832601224235,0.00771107355031319,0.18935009021854,-3.43458207467692,-0.300216674045857,-0.23440715863823
"BORR_01835",0,0.146117211113974,0.0919789645941921,0.185207978194692,-0.136391544057586,1.51020054308605,-0.0729896135779528,0.151602895919437
"BORR_01836",0,0.146117211113974,0.037832601224235,0.185207978194692,0.0180652842540769,-3.43458207467692,-0.411547356690187,-0.253221305452448
"BORR_01837",0,0.146117211113974,0.037832601224235,-0.507939202365253,0.0180652842540769,-3.43458207467692,0.00496758760456228,0.259859837233353
"BORR_01838",0,0.146117211113974,0.037832601224235,-0.507939202365253,-0.341800490445478,-0.841071363806045,0.277145473520378,-0.852103784609621
"BORR_01839",0,-0.0978146070384635,0.037832601224235,0.00771107355031319,-0.136391544057586,-3.43458207467692,0.00496758760456228,-0.852103784609621
"BORR_01840",0,0.146117211113974,0.037832601224235,0.00771107355031319,-0.0141663669819817,-3.43458207467692,-0.0800626615800131,0.151602895919437
"BORR_01841",0,0.146117211113974,-0.44318444163337,0.00771107355031319,-0.341800490445478,-3.43458207467692,-0.0729896135779528,0.259859837233353
"BORR_01842",0,0.146117211113974,0.0919789645941921,0.185207978194692,-0.341800490445478,-0.841071363806045,0.233660361580639,0.312929674010676
"BORR_01843",0,0.146117211113974,0.037832601224235,0.00771107355031319,0.0180652842540769,-3.43458207467692,0.00496758760456228,0.151602895919437
"BORR_01844",0,0.146117211113974,0.037832601224235,0.00771107355031319,0.397035991516326,-3.43458207467692,0.00496758760456228,-0.23440715863823
"BORR_01845",1,-0.0978146070384635,0.037832601224235,0.00771107355031319,0.0180652842540769,1.51020054308605,0.00496758760456228,0.312929674010676
"BORR_01846",0,-0.0978146070384635,0.037832601224235,0.638875188120734,-0.136391544057586,-0.841071363806045,-0.0729896135779528,0.151602895919437
"BORR_01847",0,-0.497699848459965,0.0919789645941921,0.00771107355031319,-0.341800490445478,-3.43458207467692,-0.0729896135779528,-0.253221305452448
"BORR_01848",0,0.146117211113974,0.0919789645941921,0.00771107355031319,-0.341800490445478,1.51020054308605,0.00496758760456228,0.312929674010676
"BORR_01849",0,0.146117211113974,0.037832601224235,0.185207978194692,0.0180652842540769,-3.43458207467692,0.00496758760456228,-0.852103784609621
"BORR_01850",0,-0.497699848459965,0.037832601224235,0.00771107355031319,0.0180652842540769,-0.841071363806045,0.00496758760456228,0.151602895919437
"BORR_01851",0,-0.0978146070384635,0.037832601224235,0.337310430883764,-0.136391544057586,-3.43458207467692,-0.411547356690187,0.435750503697017
"BORR_01852",0,0.146117211113974,0.0919789645941921,-0.507939202365253,0.397035991516326,-3.43458207467692,0.00496758760456228,0.151602895919437
"BORR_01853",0,0.146117211113974,0.037832601224235,0.185207978194692,0.397035991516326,-3.43458207467692,0.233660361580639,-0.253221305452448
"BORR_01854",0,-0.497699848459965,0.037832601224235,0.00771107355031319,-0.341800490445478,-0.841071363806045,-0.0800626615800131,-0.253221305452448
"BORR_01855",1,-0.497699848459965,0.037832601224235,0.638875188120734,0.397035991516326,1.51020054308605,0.233660361580639,-0.23440715863823
"BORR_01856",0,-0.497699848459965,0.037832601224235,-1.38340793971915,0.0180652842540769,1.51020054308605,-0.0800626615800131,0.435750503697017
"BORR_01857",0,0.146117211113974,-0.44318444163337,-0.507939202365253,0.0180652842540769,-3.43458207467692,0.00496758760456228,0.151602895919437
"BORR_01858",0,-0.497699848459965,0.037832601224235,0.00771107355031319,0.705083437480601,-0.841071363806045,0.00496758760456228,-0.852103784609621
"BORR_01859",0,0.146117211113974,0.037832601224235,0.00771107355031319,-0.136391544057586,-3.43458207467692,0.00496758760456228,-0.852103784609621
"BORR_01860",0,-0.0978146070384635,0.037832601224235,-1.38340793971915,0.0180652842540769,1.51020054308605,-0.0729896135779528,0.312929674010676
"BORR_01861",0,0.146117211113974,0.0919789645941921,0.337310430883764,0.705083437480601,-3.43458207467692,-0.0729896135779528,-0.852103784609621
"BORR_01862",0,0.146117211113974,0.037832601224235,0.00771107355031319,-0.136391544057586,-3.43458207467692,0.288768313348371,-0.253221305452448
"BORR_01863",0,0.146117211113974,0.037832601224235,0.185207978194692,0.0180652842540769,-0.841071363806045,-0.411547356690187,-0.852103784609621
"BORR_01864",0,0.187914339792435,0.037832601224235,0.337310430883764,-0.341800490445478,-3.43458207467692,0.00496758760456228,-0.23440715863823
"BORR_01865",0,0.146117211113974,0.037832601224235,0.185207978194692,0.0180652842540769,-3.43458207467692,0.288768313348371,-0.592752218784067
"BORR_01866",0,0.146117211113974,0.037832601224235,0.638875188120734,0.0180652842540769,-3.43458207467692,0.288768313348371,-0.253221305452448
"BORR_01867",0,0.146117211113974,0.037832601224235,0.337310430883764,0.0180652842540769,1.51020054308605,-0.0729896135779528,-0.23440715863823
"BORR_01868",0,-0.497699848459965,0.0919789645941921,-0.130337798744024,-0.0141663669819817,-3.43458207467692,0.00496758760456228,-0.592752218784067
"BORR_01869",1,0.146117211113974,0.037832601224235,-0.54507874931471,-0.136391544057586,-0.841071363806045,-0.0800626615800131,0.151602895919437
"BORR_01870",0,0.146117211113974,0.037832601224235,0.185207978194692,-0.341800490445478,1.51020054308605,-0.411547356690187,0.151602895919437
"BORR_01871",0,-0.497699848459965,0.037832601224235,0.00771107355031319,0.0180652842540769,-0.841071363806045,0.00496758760456228,0.259859837233353
"BORR_01872",0,0.146117211113974,0.037832601224235,0.00771107355031319,0.0180652842540769,-3.43458207467692,-0.0729896135779528,0.151602895919437
"BORR_01873",0,-0.497699848459965,0.0919789645941921,0.337310430883764,0.397035991516326,-0.841071363806045,0.00496758760456228,0.151602895919437
"BORR_01874",0,0.146117211113974,-0.44318444163337,-1.38340793971915,0.0180652842540769,-0.841071363806045,0.277145473520378,0.259859837233353
"BORR_01875",0,0.187914339792435,0.037832601224235,0.185207978194692,0.0180652842540769,-3.43458207467692,0.277145473520378,0.151602895919437
"BORR_01876",0,0.146117211113974,0.037832601224235,-0.130337798744024,-0.341800490445478,-3.43458207467692,0.00496758760456228,-0.852103784609621
"BORR_01877",0,0.146117211113974,0.037832601224235,0.337310430883764,-0.136391544057586,0.656293273311169,-0.0729896135779528,0.259859837233353
"BORR_01878",0,0.146117211113974,0.0919789645941921,0.00771107355031319,0.0180652842540769,-0.841071363806045,-0.0729896135779528,-0.23440715863823
"BORR_01879",0,0.146117211113974,0.037832601224235,0.185207978194692,0.18935009021854,-3.43458207467692,0.277145473520378,0.151602895919437
"BORR_01880",0,-0.497699848459965,0.0919789645941921,0.00771107355031319,-0.136391544057586,-3.43458207467692,-0.0800626615800131,0.435750503697017
"BORR_01881",0,0.146117211113974,0.0919789645941921,-0.507939202365253,0.0180652842540769,1.51020054308605,0.288768313348371,-0.592752218784067
"BORR_01882",0,0.146117211113974,0.037832601224235,0.00771107355031319,-0.136391544057586,-3.43458207467692,0.233660361580639,-0.852103784609621
"BORR_01883",0,0.146117211113974,0.0919789645941921,-0.130337798744024,-0.136391544057586,-3.43458207467692,0.00496758760456228,-0.852103784609621
"BORR_01884",0,0.146117211113974,0.037832601224235,0.00771107355031319,0.0180652842540769,-3.43458207467692,0.00496758760456228,0.151602895919437
"BORR_01885",0,-0.0978146070384635,0.0919789645941921,0.337310430883764,-0.719557128647638,-0.841071363806045,-0.0800626615800131,-0.23440715863823
"BORR_01886",0,0.187914339792435,0.037832601224235,0.00771107355031319,0.0180652842540769,-0.841071363806045,0.288768313348371,0.151602895919437
"BORR_01887",0,-0.0978146070384635,0.037832601224235,-1.38340793971915,0.0180652842540769,-3.43458207467692,-0.0729896135779528,0.312929674010676
"BORR_01888",0,-0.0978146070384635,-0.44318444163337,-0.54507874931471,-0.136391544057586,-3.43458207467692,-0.0800626615800131,0.312929674010676
"BORR_01889",0,-0.0978146070384635,-0.44318444163337,-0.54507874931471,0.0180652842540769,-0.841071363806045,-0.0800626615800131,0.259859837233353
"BORR_01890",0,-0.0978146070384635,0.0919789645941921,0.00771107355031319,0.0180652842540769,-0.841071363806045,-0.411547356690187,-0.23440715863823
"BORR_01891",0,0.146117211113974,0.037832601224235,-0.54507874931471,0.0180652842540769,-0.841071363806045,0.288768313348371,-0.852103784609621
"BORR_01892",0,0.146117211113974,0.0919789645941921,0.00771107355031319,-0.136391544057586,-3.43458207467692,-0.0729896135779528,-0.852103784609621
"BORR_01893",0,0.146117211113974,0.037832601224235,-0.507939202365253,-0.136391544057586,-3.43458207467692,-0.0729896135779528,-0.23440715863823
"BORR_01894",0,0.146117211113974,-0.44318444163337,-0.130337798744024,-0.341800490445478,1.51020054308605,0.00496758760456228,0.312929674010676
"BORR_01895",0,-0.0978146070384635,0.037832601224235,0.337310430883764,-0.719557128647638,-3.43458207467692,0.00496758760456228,-0.23440715863823
"BORR_01896",0,-0.0978146070384635,0.037832601224235,0.00771107355031319,0.0180652842540769,-3.43458207467692,-0.0729896135779528,-0.23440715863823
"BORR_01897",1,-0.0978146070384635,-0.44318444163337,0.185207978194692,0.0180652842540769,1.51020054308605,0.00496758760456228,-0.253221305452448
"BORR_01898",1,0.146117211113974,0.0919789645941921,0.185207978194692,0.18935009021854,1.51020054308605,0.277145473520378,-0.23440715863823
"BORR_01899",0,-0.497699848459965,0.037832601224235,-0.130337798744024,-0.136391544057586,0.656293273311169,0.00496758760456228,-0.852103784609621
"BORR_01900",0,0.146117211113974,0.037832601224235,0.337310430883764,0.0180652842540769,-3.43458207467692,-0.0729896135779528,0.151602895919437
"BORR_01901",0,-0.0978146070384635,-0.44318444163337,0.337310430883764,0.705083437480601,-3.43458207467692,0.00496758760456228,0.435750503697017
"BORR_01902",0,-0.0978146070384635,0.037832601224235,-0.130337798744024,-0.136391544057586,-3.43458207467692,-0.0729896135779528,0.151602895919437
"BORR_01903",0,-0.497699848459965,-0.44318444163337,-0.507939202365253,-0.719557128647638,-0.841071363806045,-0.0800626615800131,0.259859837233353
"BORR_01904",0,-0.497699848459965,0.037832601224235,0.00771107355031319,-0.341800490445478,-3.43458207467692,-0.0729896135779528,-0.592752218784067
"BORR_01905",0,0.187914339792435,0.037832601224235,0.00771107355031319,0.0180652842540769,-0.841071363806045,0.277145473520378,0.312929674010676
"BORR_01906",0,-0.0978146070384635,-0.44318444163337,0.185207978194692,-0.719557128647638,-3.43458207467692,0.288768313348371,-0.23440715863823
"BORR_01907",0,-0.497699848459965,0.037832601224235,0.00771107355031319,-0.136391544057586,-0.841071363806045,-0.0729896135779528,-0.852103784609621
"BORR_01908",0,0.146117211113974,0.037832601224235,0.00771107355031319,-0.341800490445478,-3.43458207467692,0.00496758760456228,0.435750503697017
"BORR_01909",0,0.187914339792435,0.037832601224235,0.185207978194692,-0.136391544057586,-3.43458207467692,0.288768313348371,-0.253221305452448
"BORR_01910",0,0.146117211113974,0.037832601224235,-0.130337798744024,-0.136391544057586,0.656293273311169,0.288768313348371,-0.23440715863823
"BORR_01911",1,0.146117211113974,0.0919789645941921,0.638875188120734,-0.136391544057586,1.51020054308605,-0.0800626615800131,-0.23440715863823
"BORR_01912",0,-0.497699848459965,0.037832601224235,-0.130337798744024,-0.136391544057586,1.51020054308605,0.00496758760456228,0.151602895919437
"BORR_01913",0,-0.0978146070384635,-0.44318444163337,0.337310430883764,-0.341800490445478,-0.841071363806045,0.00496758760456228,0.259859837233353
"BORR_01914",0,-0.497699848459965,-0.44318444163337,0.00771107355031319,-0.341800490445478,-0.841071363806045,0.00496758760456228,-0.23440715863823
"BORR_01915",0,-0.0978146070384635,0.037832601224235,0.185207978194692,0.397035991516326,1.51020054308605,0.277145473520378,-0.23440715863823
"BORR_01916",0,-0.497699848459965,0.0919789645941921,0.337310430883764,-0.341800490445478,1.51020054308605,-0.0729896135779528,0.312929674010676
"BORR_01917",0,-0.0978146070384635,0.037832601224235,-1.38340793971915,-0.136391544057586,-0.841071363806045,0.233660361580639,-0.253221305452448
"BORR_01918",0,-0.497699848459965,0.037832601224235,0.185207978194692,-0.719557128647638,-3.43458207467692,-0.0729896135779528,0.312929674010676
"BORR_01919",0,0.146117211113974,0.037832601224235,0.00771107355031319,0.397035991516326,1.51020054308605,0.233660361580639,-0.23440715863823
"BORR_01920",0,0.146117211113974,0.037832601224235,0.00771107355031319,-0.341800490445478,-0.841071363806045,-0.0729896135779528,0.312929674010676
"BORR_01921",0,-0.497699848459965,0.037832601224235,-1.38340793971915,0.397035991516326,-3.43458207467692,-0.0729896135779528,-0.253221305452448
"BORR_01922",0,0.146117211113974,0.037832601224235,0.00771107355031319,-0.341800490445478,1.51020054308605,-0.411547356690187,0.151602895919437
"BORR_01923",0,0.146117211113974,0.037832601224235,-1.38340793971915,-0.341800490445478,1.51020054308605,-0.0729896135779528,-0.592752218784067
"BORR_01924",1,0.146117211113974,0.037832601224235,0.00771107355031319,-0.0141663669819817,-0.841071363806045,0.00496758760456228,0.151602895919437
"BORR_01925",0,-0.0978146070384635,0.0919789645941921,-0.507939202365253,-0.341800490445478,-0.841071363806045,0.233660361580639,0.151602895919437
"BORR_01926",0,0.146117211113974,0.037832601224235,0.00771107355031319,0.705083437480601,1.51020054308605,0.00496758760456228,0.151602895919437
"BORR_01927",0,0.146117211113974,0.037832601224235,-0.130337798744024,-0.0141663669819817,-3.43458207467692,0.233660361580639,0.151602895919437
"BORR_01928",0,0.146117211113974,0.037832601224235,-0.54507874931471,-0.136391544057586,-3.43458207467692,-0.300216674045857,-0.852103784609621
"BORR_01929",0,-0.497699848459965,0.037832601224235,0.00771107355031319,0.0180652842540769,-3.43458207467692,-0.0800626615800131,-0.592752218784067
"BORR_01930",0,-0.0978146070384635,0.037832601224235,0.337310430883764,0.0180652842540769,-3.43458207467692,0.00496758760456228,0.435750503697017
"BORR_01931",0,-0.497699848459965,0.037832601224235,-0.54507874931471,0.705083437480601,-3.43458207467692,-0.411547356690187,-0.852103784609621
"BORR_01932",0,-0.497699848459965,0.037832601224235,-0.507939202365253,0.0180652842540769,-3.43458207467692,0.00496758760456228,-0.253221305452448
"BORR_01933",0,-0.497699848459965,0.037832601224235,-0.130337798744024,-0.136391544057586,-3.43458207467692,-0.0729896135779528,0.312929674010676
"BORR_01934",0,0.146117211113974,0.037832601224235,-0.507939202365253,0.397035991516326,-3.43458207467692,-0.300216674045857,-0.23440715863823
"BORR_01935",0,0.146117211113974,0.037832601224235,0.00771107355031319,-0.136391544057586,-0.841071363806045,0.288768313348371,-0.592752218784067
"BORR_01936",0,0.146117211113974,-0.44318444163337,-0.54507874931471,0.0180652842540769,-3.43458207467692,0.233660361580639,0.151602895919437
"BORR_01937",1,0.187914339792435,-0.44318444163337,-0.507939202365253,0.0180652842540769,1.51020054308605,0.00496758760456228,0.151602895919437
"BORR_01938",0,0.146117211113974,0.037832601224235,-0.54507874931471,0.0180652842540769,-0.841071363806045,0.233660361580639,0.151602895919437
"BORR_01939",0,-0.0978146070384635,-0.44318444163337,0.337310430883764,0.18935009021854,-3.43458207467692,0.277145473520378,-0.592752218784067
"BORR_01940",0,0.146117211113974,0.0919789645941921,0.00771107355031319,-0.341800490445478,-3.43458207467692,0.00496758760456228,0.312929674010676
"BORR_01941",0,0.146117211113974,0.037832601224235,0.337310430883764,-0.136391544057586,-3.43458207467692,0.00496758760456228,0.151602895919437
"BORR_01942",0,-0.497699848459965,0.037832601224235,0.337310430883764,-0.341800490445478,0.656293273311169,0.277145473520378,0.151602895919437
"BORR_01943",0,0.146117211113974,0.0919789645941921,-0.130337798744024,0.397035991516326,-3.43458207467692,0.00496758760456228,0.151602895919437
"BORR_01944",0,-0.0978146070384635,0.0919789645941921,0.337310430883764,-0.136391544057586,-3.43458207467692,-0.0800626615800131,-0.852103784609621
"BORR_01945",0,-0.0978146070384635,0.037832601224235,-0.54507874931471,-0.719557128647638,-0.841071363806045,0.00496758760456228,0.435750503697017
"BORR_01946",0,0.146117211113974,0.0919789645941921,0.00771107355031319,0.0180652842540769,-3.43458207467692,0.288768313348371,-0.592752218784067
"BORR_01947",0,-0.497699848459965,0.037832601224235,0.00771107355031319,0.0180652842540769,-0.841071363806045,-0.0800626615800131,0.151602895919437
"BORR_01948",0,0.146117211113974,0.0919789645941921,0.00771107355031319,-0.341800490445478,-3.43458207467692,-0.0800626615800131,-0.592752218784067
"BORR_01949",0,0.146117211113974,-0.44318444163337,0.337310430883764,0.397035991516326,1.51020054308605,0.233660361580639,0.151602895919437
"BORR_01950",0,-0.497699848459965,0.037832601224235,-0.507939202365253,-0.719557128647638,1.51020054308605,-0.411547356690187,0.259859837233353
"BORR_01951",0,0.146117211113974,0.0919789645941921,0.00771107355031319,0.397035991516326,1.51020054308605,-0.0800626615800131,0.151602895919437
"BORR_01952",0,0.187914339792435,0.037832601224235,-1.38340793971915,0.705083437480601,-3.43458207467692,-0.0729896135779528,-0.852103784609621
"BORR_01953",0,0.146117211113974,0.0919789645941921,0.00771107355031319,-0.719557128647638,-3.43458207467692,0.00496758760456228,0.259859837233353
"BORR_01954",0,0.146117211113974,0.0919789645941921,0.638875188120734,-0.136391544057586,-3.43458207467692,-0.300216674045857,-0.852103784609621
"BORR_01955",0,-0.497699848459965,0.037832601224235,-1.38340793971915,0.0180652842540769,-3.43458207467692,-0.0729896135779528,-0.592752218784067
"BORR_01956",1,0.146117211113974,0.037832601224235,0.00771107355031319,-0.136391544057586,1.51020054308605,-0.0729896135779528,0.435750503697017
"BORR_01957",0,0.146117211113974,0.037832601224235,-0.507939202365253,0.0180652842540769,1.51020054308605,0.00496758760456228,0.151602895919437
"BORR_01958",0,0.146117211113974,0.0919789645941921,0.337310430883764,0.0180652842540769,-0.841071363806045,-0.0729896135779528,0.259859837233353
"BORR_01959",1,0.146117211113974,0.037832601224235,0.185207978194692,-0.136391544057586,1.51020054308605,-0.0729896135779528,0.259859837233353
"BORR_01960",0,0.146117211113974,0.0919789645941921,-1.38340793971915,-0.341800490445478,-3.43458207467692,-0.0729896135779528,-0.592752218784067
"BORR_01961",0,0.146117211113974,0.037832601224235,0.185207978194692,0.0180652842540769,1.51020054308605,-0.0800626615800131,-0.852103784609621
"BORR_01962",0,0.187914339792435,0.037832601224235,-0.130337798744024,0.0180652842540769,-3.43458207467692,-0.300216674045857,-0.253221305452448
"BORR_01963",0,-0.497699848459965,0.037832601224235,0.185207978194692,0.18935009021854,-3.43458207467692,-0.411547356690187,-0.852103784609621
"BORR_01964",1,0.146117211113974,-0.44318444163337,0.00771107355031319,0.0180652842540769,1.51020054308605,-0.300216674045857,0.151602895919437
"BORR_01965",0,0.146117211113974,-0.44318444163337,-0.130337798744024,-0.341800490445478,-3.43458207467692,-0.0729896135779528,-0.23440715863823
"BORR_01966",0,-0.0978146070384635,0.037832601224235,-0.130337798744024,0.18935009021854,-3.43458207467692,-0.0800626615800131,0.151602895919437
"BORR_01967",0,0.146117211113974,0.0919789645941921,0.337310430883764,0.0180652842540769,-0.841071363806045,-0.0729896135779528,-0.23440715863823
"BORR_01968",0,0.146117211113974,0.0919789645941921,0.00771107355031319,0.18935009021854,1.51020054308605,0.233660361580639,0.435750503697017
"BORR_01969",1,-0.0978146070384635,0.037832601224235,-0.54507874931471,-0.136391544057586,1.51020054308605,0.00496758760456228,0.151602895919437
"BORR_01970",0,0.187914339792435,0.037832601224235,0.185207978194692,0.397035991516326,-0.841071363806045,0.00496758760456228,-0.253221305452448
"BORR_01971",0,0.146117211113974,0.037832601224235,0.185207978194692,0.0180652842540769,-0.841071363806045,-0.0800626615800131,-0.23440715863823
"BORR_01972",0,-0.497699848459965,0.0919789645941921,0.185207978194692,0.0180652842540769,-3.43458207467692,0.277145473520378,0.435750503697017
"BORR_01973",0,0.146117211113974,-0.44318444163337,0.337310430883764,-0.341800490445478,-0.841071363806045,-0.0729896135779528,0.151602895919437
"BORR_01974",0,-0.497699848459965,0.037832601224235,0.00771107355031319,-0.136391544057586,0.656293273311169,0.233660361580639,0.259859837233353
"BORR_01975",0,-0.497699848459965,-0.44318444163337,0.00771107355031319,0.0180652842540769,-3.43458207467692,0.277145473520378,0.312929674010676
"BORR_01976",0,0.146117211113974,0.0919789645941921,0.337310430883764,0.0180652842540769,-3.43458207467692,-0.0800626615800131,-0.23440715863823
"BORR_01977",0,0.146117211113974,0.037832601224235,-0.54507874931471,0.0180652842540769,1.51020054308605,0.00496758760456228,0.312929674010676
"BORR_01978",0,0.146117211113974,0.037832601224235,-1.38340793971915,-0.341800490445478,0.656293273311169,0.00496758760456228,0.151602895919437
"BORR_01979",0,-0.0978146070384635,0.037832601224235,0.337310430883764,0.0180652842540769,-3.43458207467692,-0.0729896135779528,0.259859837233353
"BORR_01980",0,0.146117211113974,0.037832601224235,-1.38340793971915,-0.136391544057586,-3.43458207467692,-0.0729896135779528,-0.852103784609621
"BORR_01981",0,0.146117211113974,0.0919789645941921,0.638875188120734,0.0180652842540769,-0.841071363806045,0.00496758760456228,0.259859837233353
"BORR_01982",0,-0.497699848459965,0.037832601224235,0.00771107355031319,0.18935009021854,-0.841071363806045,0.00496758760456228,0.151602895919437
"BORR_01983",0,0.146117211113974,0.037832601224235,0.00771107355031319,-0.341800490445478,1.51020054308605,0.00496758760456228,-0.23440715863823
"BORR_01984",0,0.146117211113974,-0.44318444163337,-0.507939202365253,-0.341800490445478,-0.841071363806045,0.233660361580639,-0.23440715863823
"BORR_01985",0,-0.497699848459965,-0.44318444163337,0.00771107355031319,0.0180652842540769,1.51020054308605,0.233660361580639,-0.852103784609621
"BORR_01986",0,-0.497699848459965,-0.44318444163337,0.00771107355031319,0.18935009021854,1.51020054308605,0.288768313348371,-0.852103784609621
"BORR_01987",0,0.187914339792435,0.037832601224235,0.00771107355031319,0.0180652842540769,-3.43458207467692,-0.0729896135779528,-0.852103784609621
"BORR_01988",0,0.146117211113974,0.037832601224235,0.337310430883764,0.0180652842540769,1.51020054308605,-0.300216674045857,-0.23440715863823
"BORR_01989",0,0.187914339792435,0.0919789645941921,0.337310430883764,-0.341800490445478,0.656293273311169,-0.300216674045857,0.151602895919437
"BORR_01990",0,0.146117211113974,0.037832601224235,0.00771107355031319,0.18935009021854,-0.841071363806045,0.00496758760456228,-0.592752218784067
"BORR_01991",0,0.146117211113974,0.037832601224235,0.185207978194692,-0.0141663669819817,1.51020054308605,0.00496758760456228,-0.852103784609621
"BORR_01992",0,0.146117211113974,0.037832601224235,0.00771107355031319,0.705083437480601,-3.43458207467692,0.277145473520378,0.312929674010676
"BORR_01993",0,0.146117211113974,0.037832601224235,0.00771107355031319,-0.136391544057586,-3.43458207467692,0.00496758760456228,0.151602895919437
"BORR_01994",0,-0.497699848459965,0.037832601224235,0.337310430883764,-0.136391544057586,0.656293273311169,-0.0729896135779528,0.259859837233353
"BORR_01995",0,0.146117211113974,0.037832601224235,-0.507939202365253,0.0180652842540769,-0.841071363806045,0.00496758760456228,0.435750503697017
"BORR_01996",0,0.146117211113974,0.037832601224235,0.185207978194692,-0.341800490445478,-3.43458207467692,-0.411547356690187,0.151602895919437
"BORR_01997",0,-0.497699848459965,0.037832601224235,0.185207978194692,0.397035991516326,-3.43458207467692,0.233660361580639,0.259859837233353
"BORR_01998",0,0.187914339792435,0.037832601224235,0.185207978194692,-0.341800490445478,-3.43458207467692,-0.411547356690187,-0.23440715863823
"BORR_01999",0,0.146117211113974,0.037832601224235,0.00771107355031319,-0.136391544057586,-0.841071363806045,-0.0729896135779528,0.151602895919437
"BORR_02000",0,-0.0978146070384635,0.0919789645941921,0.00771107355031319,0.705083437480601,1.51020054308605,-0.0729896135779528,-0.852103784609621
"BORR_02001",0,-0.497699848459965,0.037832601224235,-1.38340793971915,-0.136391544057586,-0.841071363806045,0.233660361580639,-0.253221305452448
"BORR_02002",0,0.146117211113974,0.037832601224235,0.00771107355031319,0.397035991516326,-3.43458207467692,0.00496758760456228,0.312929674010676
"BORR_02003",0,0.146117211113974,0.037832601224235,0.00771107355031319,-0.341800490445478,-3.43458207467692,-0.0800626615800131,0.151602895919437
"BORR_02004",0,0.187914339792435,0.037832601224235,0.00771107355031319,-0.341800490445478,-0.841071363806045,-0.0800626615800131,-0.23440715863823
"BORR_02005",0,0.146117211113974,0.037832601224235,0.00771107355031319,-0.136391544057586,-3.43458207467692,-0.0729896135779528,-0.592752218784067
"BORR_02006",0,0.146117211113974,0.037832601224235,0.00771107355031319,0.705083437480601,-3.43458207467692,-0.0729896135779528,0.435750503697017
"BORR_02007",0,0.187914339792435,-0.44318444163337,0.185207978194692,-0.0141663669819817,-3.43458207467692,-0.411547356690187,0.259859837233353
"BORR_02008",0,0.187914339792435,0.037832601224235,-0.54507874931471,0.0180652842540769,-0.841071363806045,0.00496758760456228,-0.852103784609621
"BORR_02009",0,0.146117211113974,0.037832601224235,0.00771107355031319,-0.719557128647638,-0.841071363806045,-0.0729896135779528,0.151602895919437
"BORR_02010",0,-0.0978146070384635,0.0919789645941921,0.185207978194692,0.18935009021854,-0.841071363806045,-0.0729896135779528,0.312929674010676
"BORR_02011",0,0.146117211113974,0.037832601224235,0.00771107355031319,-0.341800490445478,-3.43458207467692,0.288768313348371,-0.253221305452448
"BORR_02012",0,0.146117211113974,0.037832601224235,0.638875188120734,-0.0141663669819817,-3.43458207467692,-0.300216674045857,-0.852103784609621
"BORR_02013",0,-0.497699848459965,0.037832601224235,0.185207978194692,-0.136391544057586,0.656293273311169,-0.0729896135779528,-0.852103784609621
"BORR_02014",0,0.146117211113974,0.0919789645941921,0.00771107355031319,-0.136391544057586,-0.841071363806045,0.00496758760456228,0.435750503697017
"BORR_02015",0,0.146117211113974,0.037832601224235,0.185207978194692,-0.341800490445478,-3.43458207467692,-0.300216674045857,-0.852103784609621
"BORR_02016",0,-0.0978146070384635,0.037832601224235,-1.38340793971915,0.0180652842540769,-0.841071363806045,-0.411547356690187,0.435750503697017
"BORR_02017",0,-0.0978146070384635,0.037832601224235,0.185207978194692,0.705083437480601,-0.841071363806045,0.00496758760456228,-0.253221305452448
"BORR_02018",0,0.187914339792435,-0.44318444163337,0.185207978194692,-0.341800490445478,0.656293273311169,0.277145473520378,0.151602895919437
"BORR_02019",0,-0.497699848459965,0.037832601224235,0.00771107355031319,0.18935009021854,0.656293273311169,-0.0729896135779528,0.151602895919437
"BORR_02020",0,-0.497699848459965,0.037832601224235,0.638875188120734,0.705083437480601,-0.841071363806045,0.00496758760456228,0.259859837233353
"BORR_02021",0,-0.0978146070384635,0.037832601224235,0.00771107355031319,-0.341800490445478,-3.43458207467692,-0.0800626615800131,0.435750503697017
"BORR_02022",0,0.146117211113974,0.037832601224235,0.185207978194692,0.0180652842540769,-0.841071363806045,-0.300216674045857,-0.592752218784067
"BORR_02023",1,-0.0978146070384635,-0.44318444163337,-0.130337798744024,-0.136391544057586,1.51020054308605,0.00496758760456228,0.259859837233353
"BORR_02024",0,-0.0978146070384635,0.037832601224235,0.185207978194692,-0.341800490445478,-0.841071363806045,0.00496758760456228,-0.253221305452448
"BORR_02025",0,0.146117211113974,0.037832601224235,0.00771107355031319,0.0180652842540769,-3.43458207467692,-0.0729896135779528,0.259859837233353
"BORR_02026",1,0.146117211113974,0.037832601224235,0.00771107355031319,-0.341800490445478,1.51020054308605,-0.0729896135779528,0.435750503697017
"BORR_02027",0,0.187914339792435,0.037832601224235,0.00771107355031319,0.0180652842540769,-3.43458207467692,0.00496758760456228,0.151602895919437
"BORR_02028",0,0.187914339792435,0.0919789645941921,-0.507939202365253,0.0180652842540769,-0.841071363806045,0.00496758760456228,-0.592752218784067
"BORR_02029",0,-0.497699848459965,0.037832601224235,0.00771107355031319,-0.136391544057586,-3.43458207467692,-0.0800626615800131,0.259859837233353
"BORR_02031",0,0.146117211113974,0.037832601224235,0.00771107355031319,0.0180652842540769,-3.43458207467692,-0.0729896135779528,0.151602895919437
"BORR_02032",0,-0.0978146070384635,-0.44318444163337,0.00771107355031319,-0.0141663669819817,-3.43458207467692,0.00496758760456228,0.151602895919437
"BORR_02033",0,0.187914339792435,0.037832601224235,0.00771107355031319,0.705083437480601,-3.43458207467692,0.00496758760456228,0.435750503697017
"BORR_02034",0,-0.497699848459965,0.037832601224235,0.185207978194692,0.0180652842540769,-3.43458207467692,0.00496758760456228,0.435750503697017
"BORR_02035",0,0.146117211113974,0.037832601224235,-0.507939202365253,-0.0141663669819817,-3.43458207467692,0.00496758760456228,-0.592752218784067
"BORR_02036",0,0.146117211113974,-0.44318444163337,-0.130337798744024,-0.341800490445478,-0.841071363806045,-0.0729896135779528,-0.852103784609621
"BORR_02037",0,0.146117211113974,0.037832601224235,0.337310430883764,0.705083437480601,-0.841071363806045,-0.411547356690187,0.435750503697017
"BORR_02038",0,0.146117211113974,0.037832601224235,-0.507939202365253,0.18935009021854,-3.43458207467692,0.00496758760456228,0.259859837233353
"BORR_02039",0,0.146117211113974,0.037832601224235,0.00771107355031319,-0.0141663669819817,-0.841071363806045,0.00496758760456228,-0.23440715863823
"BORR_02040",0,-0.0978146070384635,0.037832601224235,0.337310430883764,0.705083437480601,-3.43458207467692,-0.0729896135779528,0.151602895919437
"BORR_02041",0,0.146117211113974,0.037832601224235,-1.38340793971915,0.0180652842540769,-3.43458207467692,0.233660361580639,-0.852103784609621
"BORR_02042",0,0.146117211113974,-0.44318444163337,0.185207978194692,-0.136391544057586,-3.43458207467692,0.00496758760456228,0.259859837233353
"BORR_02043",0,0.146117211113974,0.0919789645941921,-0.507939202365253,-0.341800490445478,-3.43458207467692,-0.0729896135779528,-0.592752218784067
"BORR_02044",0,0.146117211113974,0.037832601224235,0.337310430883764,-0.136391544057586,1.51020054308605,0.277145473520378,-0.253221305452448
"BORR_02045",0,-0.497699848459965,-0.44318444163337,0.00771107355031319,0.0180652842540769,-0.841071363806045,-0.0729896135779528,0.151602895919437
"BORR_02046",0,-0.0978146070384635,0.037832601224235,-0.54507874931471,-0.136391544057586,-3.43458207467692,0.288768313348371,-0.253221305452448
"BORR_02047",0,0.146117211113974,0.0919789645941921,-0.130337798744024,-0.0141663669819817,-0.841071363806045,-0.0800626615800131,0.259859837233353
"BORR_02048",0,-0.497699848459965,-0.44318444163337,-1.38340793971915,0.0180652842540769,-3.43458207467692,0.00496758760456228,-0.23440715863823
"BORR_02049",0,-0.497699848459965,0.037832601224235,0.00771107355031319,-0.341800490445478,-0.841071363806045,-0.0800626615800131,-0.253221305452448
"BORR_02050",0,0.187914339792435,0.0919789645941921,0.337310430883764,0.0180652842540769,1.51020054308605,-0.0800626615800131,-0.253221305452448
"BORR_02051",0,-0.0978146070384635,0.037832601224235,0.185207978194692,-0.719557128647638,0.656293273311169,-0.411547356690187,-0.23440715863823
"BORR_02052",1,0.146117211113974,0.037832601224235,0.638875188120734,-0.0141663669819817,1.51020054308605,0.00496758760456228,-0.852103784609621
"BORR_02053",0,-0.497699848459965,0.037832601224235,0.337310430883764,-0.719557128647638,-0.841071363806045,0.00496758760456228,-0.592752218784067
"BORR_02054",0,0.146117211113974,0.037832601224235,-0.54507874931471,-0.341800490445478,-0.841071363806045,0.00496758760456228,0.259859837233353
"BORR_02055",0,0.146117211113974,0.0919789645941921,-0.54507874931471,-0.341800490445478,0.656293273311169,0.00496758760456228,0.151602895919437
"BORR_02056",0,0.187914339792435,-0.44318444163337,-0.507939202365253,0.705083437480601,-3.43458207467692,0.233660361580639,0.151602895919437
"BORR_02057",0,0.146117211113974,0.037832601224235,0.00771107355031319,0.0180652842540769,-0.841071363806045,0.233660361580639,-0.253221305452448
"BORR_02058",0,-0.0978146070384635,-0.44318444163337,0.00771107355031319,-0.136391544057586,-3.43458207467692,-0.0729896135779528,0.151602895919437
"BORR_02059",0,0.146117211113974,0.0919789645941921,0.00771107355031319,0.0180652842540769,-3.43458207467692,-0.0800626615800131,0.151602895919437
"BORR_02060",0,0.187914339792435,0.037832601224235,-0.54507874931471,-0.341800490445478,-0.841071363806045,0.00496758760456228,-0.852103784609621
"BORR_02061",1,0.146117211113974,0.037832601224235,0.337310430883764,-0.719557128647638,1.51020054308605,0.288768313348371,0.151602895919437
"BORR_02062",0,-0.497699848459965,0.037832601224235,-1.38340793971915,0.0180652842540769,-3.43458207467692,0.00496758760456228,0.151602895919437
"BORR_02063",0,-0.0978146070384635,0.0919789645941921,-1.38340793971915,-0.341800490445478,-3.43458207467692,-0.0800626615800131,-0.23440715863823
"BORR_02064",0,0.146117211113974,-0.44318444163337,0.00771107355031319,0.18935009021854,-0.841071363806045,-0.0729896135779528,-0.23440715863823
"BORR_02065",0,-0.497699848459965,0.037832601224235,0.185207978194692,0.0180652842540769,-3.43458207467692,-0.0729896135779528,-0.852103784609621
"BORR_02066",0,0.146117211113974,0.0919789645941921,-1.38340793971915,0.0180652842540769,-0.841071363806045,-0.0800626615800131,0.259859837233353
"BORR_02067",0,0.146117211113974,0.037832601224235,0.00771107355031319,0.397035991516326,1.51020054308605,-0.0729896135779528,0.259859837233353
"BORR_02068",0,0.146117211113974,0.037832601224235,0.00771107355031319,0.0180652842540769,-0.841071363806045,-0.411547356690187,-0.852103784609621
"BORR_02069",0,0.146117211113974,0.037832601224235,0.00771107355031319,0.18935009021854,-3.43458207467692,-0.411547356690187,0.259859837233353
"BORR_02070",0,0.146117211113974,0.037832601224235,-1.38340793971915,0.705083437480601,-3.43458207467692,0.277145473520378,-0.23440715863823
"BORR_02071",0,0.146117211113974,0.037832601224235,0.00771107355031319,-0.719557128647638,-3.43458207467692,-0.300216674045857,-0.253221305452448
"BORR_02072",0,0.146117211113974,0.037832601224235,0.00771107355031319,-0.0141663669819817,-3.43458207467692,-0.0729896135779528,-0.592752218784067
"BORR_02073",0,0.146117211113974,0.037832601224235,0.00771107355031319,-0.341800490445478,1.51020054308605,0.277145473520378,0.435750503697017
"BORR_02074",0,0.146117211113974,0.037832601224235,0.185207978194692,-0.341800490445478,0.656293273311169,-0.300216674045857,0.151602895919437
"BORR_02075",0,-0.497699848459965,0.037832601224235,0.185207978194692,0.0180652842540769,-3.43458207467692,-0.0800626615800131,-0.23440715863823
"BORR_02076",0,0.146117211113974,-0.44318444163337,0.185207978194692,0.0180652842540769,1.51020054308605,-0.0800626615800131,0.151602895919437
"BORR_02077",0,0.146117211113974,0.037832601224235,0.00771107355031319,-0.136391544057586,1.51020054308605,-0.411547356690187,0.259859837233353
"BORR_02078",0,-0.497699848459965,0.0919789645941921,-0.507939202365253,-0.136391544057586,-0.841071363806045,0.233660361580639,-0.852103784609621
"BORR_02079",1,-0.497699848459965,0.037832601224235,0.00771107355031319,0.0180652842540769,0.656293273311169,-0.0729896135779528,0.259859837233353
"BORR_02080",0,0.146117211113974,0.037832601224235,0.00771107355031319,0.397035991516326,-3.43458207467692,0.288768313348371,0.151602895919437
"BORR_02081",0,-0.497699848459965,-0.44318444163337,-0.507939202365253,0.0180652842540769,-3.43458207467692,-0.0729896135779528,-0.852103784609621
"BORR_02082",0,0.146117211113974,0.037832601224235,0.00771107355031319,0.705083437480601,1.51020054308605,0.00496758760456228,0.151602895919437
"BORR_02083",0,-0.0978146070384635,0.037832601224235,0.337310430883764,0.18935009021854,-3.43458207467692,-0.0729896135779528,-0.852103784609621
"BORR_02084",0,-0.497699848459965,0.0919789645941921,-0.54507874931471,-0.136391544057586,-3.43458207467692,-0.0729896135779528,-0.23440715863823
"BORR_02085",0,0.187914339792435,0.037832601224235,0.00771107355031319,0.0180652842540769,-3.43458207467692,0.00496758760456228,0.151602895919437
"BORR_02086",0,-0.0978146070384635,0.037832601224235,0.185207978194692,-0.719557128647638,-3.43458207467692,-0.411547356690187,-0.253221305452448
"BORR_02087",1,0.146117211113974,0.037832601224235,0.00771107355031319,0.705083437480601,-0.841071363806045,0.288768313348371,0.151602895919437
"BORR_02088",0,0.146117211113974,0.037832601224235,0.00771107355031319,-0.341800490445478,-0.841071363806045,-0.411547356690187,0.312929674010676
"BORR_02089",0,0.146117211113974,0.037832601224235,0.337310430883764,0.397035991516326,-0.841071363806045,-0.411547356690187,0.151602895919437
"BORR_02090",0,0.187914339792435,0.037832601224235,0.638875188120734,0.397035991516326,-3.43458207467692,0.00496758760456228,0.151602895919437
"BORR_02091",1,0.146117211113974,-0.44318444163337,-0.130337798744024,0.397035991516326,-0.841071363806045,-0.0800626615800131,0.151602895919437
"BORR_02092",0,-0.497699848459965,0.0919789645941921,-0.130337798744024,0.0180652842540769,-3.43458207467692,0.277145473520378,0.151602895919437
"BORR_02093",0,0.146117211113974,0.0919789645941921,0.638875188120734,0.18935009021854,-0.841071363806045,-0.0800626615800131,-0.852103784609621
"BORR_02094",0,0.146117211113974,0.037832601224235,-0.507939202365253,0.18935009021854,-0.841071363806045,0.277145473520378,-0.23440715863823
"BORR_02095",0,0.187914339792435,-0.44318444163337,0.337310430883764,0.0180652842540769,-0.841071363806045,-0.0800626615800131,-0.852103784609621
"BORR_02096",0,0.146117211113974,0.037832601224235,0.00771107355031319,-0.136391544057586,-3.43458207467692,-0.0729896135779528,0.151602895919437
"BORR_02097",0,0.146117211113974,-0.44318444163337,0.00771107355031319,0.0180652842540769,-3.43458207467692,0.00496758760456228,-0.592752218784067
"BORR_02098",0,-0.0978146070384635,0.0919789645941921,-0.507939202365253,0.18935009021854,-3.43458207467692,0.00496758760456228,-0.23440715863823
"BORR_02099",0,0.146117211113974,0.0919789645941921,0.337310430883764,0.0180652842540769,-3.43458207467692,0.277145473520378,-0.592752218784067
"BORR_02100",0,-0.497699848459965,0.037832601224235,0.185207978194692,0.0180652842540769,-0.841071363806045,0.00496758760456228,-0.23440715863823
"BORR_02101",0,-0.497699848459965,0.037832601224235,0.00771107355031319,0.0180652842540769,-3.43458207467692,-0.0729896135779528,-0.23440715863823
"BORR_02102",0,0.146117211113974,0.037832601224235,-1.38340793971915,-0.341800490445478,-3.43458207467692,-0.411547356690187,0.151602895919437
"BORR_02103",0,-0.0978146070384635,0.0919789645941921,-0.130337798744024,-0.341800490445478,0.656293273311169,0.00496758760456228,-0.852103784609621
"BORR_02104",0,0.146117211113974,0.037832601224235,-0.54507874931471,0.0180652842540769,-3.43458207467692,0.00496758760456228,-0.852103784609621
"BORR_02105",0,0.146117211113974,0.0919789645941921,-0.54507874931471,0.705083437480601,-3.43458207467692,0.00496758760456228,-0.23440715863823
"BORR_02106",0,-0.0978146070384635,0.037832601224235,0.185207978194692,0.0180652842540769,-0.841071363806045,-0.0800626615800131,0.151602895919437
"BORR_02107",0,0.146117211113974,0.037832601224235,-0.130337798744024,0.18935009021854,-0.841071363806045,-0.0729896135779528,0.151602895919437
"BORR_02108",0,-0.0978146070384635,0.037832601224235,0.00771107355031319,-0.341800490445478,1.51020054308605,0.00496758760456228,-0.592752218784067
"BORR_02109",0,0.146117211113974,0.037832601224235,0.337310430883764,0.0180652842540769,-3.43458207467692,-0.0729896135779528,0.151602895919437
"BORR_02110",0,0.146117211113974,0.037832601224235,0.00771107355031319,-0.0141663669819817,-0.841071363806045,0.288768313348371,0.151602895919437
"BORR_02111",0,0.187914339792435,0.037832601224235,0.185207978194692,-0.136391544057586,-0.841071363806045,-0.0729896135779528,-0.852103784609621
"BORR_02112",0,0.146117211113974,0.037832601224235,0.185207978194692,0.705083437480601,0.656293273311169,0.00496758760456228,-0.23440715863823
"BORR_02113",0,0.187914339792435,0.037832601224235,0.00771107355031319,0.705083437480601,-3.43458207467692,-0.0800626615800131,0.259859837233353
"BORR_02114",0,-0.497699848459965,0.037832601224235,0.00771107355031319,-0.0141663669819817,-0.841071363806045,-0.0729896135779528,0.151602895919437
"BORR_02115",0,0.146117211113974,0.0919789645941921,-0.54507874931471,0.0180652842540769,-0.841071363806045,0.233660361580639,0.312929674010676
"BORR_02116",0,-0.497699848459965,-0.44318444163337,-1.38340793971915,0.397035991516326,-3.43458207467692,0.288768313348371,0.151602895919437
"BORR_02117",0,-0.497699848459965,0.0919789645941921,0.00771107355031319,-0.341800490445478,0.656293273311169,0.00496758760456228,-0.852103784609621
"BORR_02118",0,0.187914339792435,0.037832601224235,0.00771107355031319,0.0180652842540769,-0.841071363806045,-0.300216674045857,0.312929674010676
"BORR_02119",0,0.146117211113974,-0.44318444163337,0.00771107355031319,0.18935009021854,-3.43458207467692,0.288768313348371,-0.852103784609621
"BORR_02120",0,0.146117211113974,0.0919789645941921,0.337310430883764,0.0180652842540769,1.51020054308605,-0.411547356690187,0.312929674010676
"BORR_02121",0,0.146117211113974,0.037832601224235,0.00771107355031319,-0.136391544057586,-3.43458207467692,0.233660361580639,-0.23440715863823
"BORR_02122",0,0.187914339792435,0.037832601224235,-1.38340793971915,-0.341800490445478,-0.841071363806045,-0.411547356690187,0.151602895919437
"BORR_02123",0,-0.0978146070384635,0.037832601224235,0.337310430883764,-0.341800490445478,-3.43458207467692,-0.0800626615800131,0.151602895919437
"BORR_02124",0,-0.0978146070384635,0.037832601224235,-0.54507874931471,0.0180652842540769,-3.43458207467692,-0.411547356690187,0.435750503697017
"BORR_02125",0,0.146117211113974,-0.44318444163337,0.337310430883764,0.705083437480601,-3.43458207467692,-0.411547356690187,0.151602895919437
"BORR_02126",0,0.146117211113974,0.037832601224235,0.00771107355031319,0.397035991516326,-3.43458207467692,0.00496758760456228,-0.23440715863823
"BORR_02127",0,0.146117211113974,-0.44318444163337,-0.130337798744024,-0.341800490445478,-3.43458207467692,0.00496758760456228,0.151602895919437
"BORR_02128",0,-0.497699848459965,0.037832601224235,0.00771107355031319,0.705083437480601,-0.841071363806045,-0.0729896135779528,-0.253221305452448
"BORR_02129",0,-0.0978146070384635,0.037832601224235,0.00771107355031319,-0.719557128647638,0.656293273311169,-0.300216674045857,0.435750503697017
"BORR_02130",0,-0.497699848459965,0.037832601224235,0.00771107355031319,-0.719557128647638,-0.841071363806045,0.00496758760456228,0.259859837233353
"BORR_02131",0,0.146117211113974,0.037832601224235,0.00771107355031319,-0.341800490445478,-3.43458207467692,0.288768313348371,0.312929674010676
"BORR_02132",0,0.146117211113974,0.0919789645941921,-1.38340793971915,-0.719557128647638,1.51020054308605,-0.300216674045857,0.151602895919437
"BORR_02133",0,-0.0978146070384635,0.0919789645941921,0.00771107355031319,0.0180652842540769,1.51020054308605,0.00496758760456228,-0.852103784609621
"BORR_02134",0,0.187914339792435,0.037832601224235,-0.130337798744024,-0.0141663669819817,-0.841071363806045,-0.0800626615800131,-0.852103784609621
"BORR_02135",0,0.146117211113974,0.037832601224235,-1.38340793971915,-0.0141663669819817,-0.841071363806045,-0.0729896135779528,0.151602895919437
"BORR_02136",1,0.146117211113974,0.037832601224235,0.00771107355031319,-0.341800490445478,1.51020054308605,-0.0729896135779528,0.259859837233353
"BORR_02137",0,0.146117211113974,0.0919789645941921,0.00771107355031319,0.705083437480601,-0.841071363806045,-0.411547356690187,0.435750503697017
"BORR_02138",0,0.187914339792435,0.037832601224235,-0.130337798744024,-0.719557128647638,-0.841071363806045,0.00496758760456228,-0.852103784609621
"BORR_02139",0,0.146117211113974,0.037832601224235,0.00771107355031319,0.0180652842540769,-3.43458207467692,-0.411547356690187,-0.23440715863823
"BORR_02140",0,-0.497699848459965,0.037832601224235,-1.38340793971915,0.0180652842540769,1.51020054308605,0.233660361580639,0.259859837233353
"BORR_02141",0,-0.0978146070384635,-0.44318444163337,-0.130337798744024,-0.136391544057586,1.51020054308605,0.00496758760456228,-0.852103784609621
"BORR_02142",0,0.146117211113974,0.037832601224235,0.00771107355031319,0.0180652842540769,-0.841071363806045,0.00496758760456228,0.151602895919437
"BORR_02143",1,-0.497699848459965,0.037832601224235,0.185207978194692,0.0180652842540769,-0.841071363806045,0.288768313348371,-0.852103784609621
"BORR_02144",0,-0.497699848459965,0.0919789645941921,0.638875188120734,-0.341800490445478,1.51020054308605,-0.0729896135779528,-0.253221305452448
"BORR_02145",0,0.146117211113974,0.037832601224235,-0.507939202365253,0.0180652842540769,-0.841071363806045,0.233660361580639,-0.253221305452448
"BORR_02146",0,-0.497699848459965,0.037832601224235,-0.507939202365253,0.0180652842540769,-3.43458207467692,0.00496758760456228,-0.852103784609621
"BORR_02147",0,-0.497699848459965,-0.44318444163337,0.337310430883764,0.0180652842540769,-0.841071363806045,0.233660361580639,-0.592752218784067
"BORR_02148",0,0.146117211113974,-0.44318444163337,0.00771107355031319,0.397035991516326,-3.43458207467692,-0.300216674045857,0.312929674010676
"BORR_02149",0,-0.0978146070384635,0.037832601224235,0.00771107355031319,-0.719557128647638,-3.43458207467692,-0.0729896135779528,0.435750503697017
"BORR_02150",0,0.187914339792435,0.037832601224235,-1.38340793971915,-0.136391544057586,-0.841071363806045,0.233660361580639,-0.23440715863823
"BORR_02151",0,0.146117211113974,0.037832601224235,0.337310430883764,0.0180652842540769,-3.43458207467692,-0.300216674045857,0.151602895919437
"BORR_02152",0,-0.0978146070384635,0.0919789645941921,-0.130337798744024,0.0180652842540769,-3.43458207467692,-0.411547356690187,0.312929674010676
"BORR_02153",0,0.146117211113974,0.037832601224235,-0.507939202365253,0.397035991516326,-3.43458207467692,0.233660361580639,-0.23440715863823
"BORR_02154",0,-0.497699848459965,0.0919789645941921,-1.38340793971915,-0.719557128647638,-3.43458207467692,0.233660361580639,-0.852103784609621
"BORR_02155",0,-0.497699848459965,0.037832601224235,-0.54507874931471,0.0180652842540769,-0.841071363806045,0.233660361580639,0.151602895919437
"BORR_02156",0,0.187914339792435,0.037832601224235,0.00771107355031319,0.0180652842540769,1.51020054308605,-0.0800626615800131,-0.852103784609621
"BORR_02157",0,-0.0978146070384635,0.0919789645941921,0.185207978194692,0.18935009021854,-0.841071363806045,0.288768313348371,-0.852103784609621
"BORR_02158",0,-0.0978146070384635,-0.44318444163337,0.185207978194692,-0.719557128647638,-3.43458207467692,0.00496758760456228,-0.23440715863823
"BORR_02159",0,-0.497699848459965,0.037832601224235,0.185207978194692,0.0180652842540769,-3.43458207467692,-0.0729896135779528,0.151602895919437
"BORR_02160",1,-0.497699848459965,0.037832601224235,0.00771107355031319,0.0180652842540769,1.51020054308605,-0.0729896135779528,0.259859837233353
"BORR_02161",0,-0.497699848459965,0.037832601224235,0.00771107355031319,0.0180652842540769,1.51020054308605,-0.300216674045857,0.151602895919437
"BORR_02162",0,0.146117211113974,-0.44318444163337,0.638875188120734,-0.0141663669819817,-0.841071363806045,0.233660361580639,0.259859837233353
"BORR_02163",0,0.146117211113974,0.037832601224235,-0.54507874931471,-0.341800490445478,1.51020054308605,-0.0800626615800131,0.151602895919437
"BORR_02164",0,0.146117211113974,0.037832601224235,-0.130337798744024,-0.341800490445478,-3.43458207467692,-0.0729896135779528,0.435750503697017
"BORR_02165",0,0.146117211113974,0.0919789645941921,0.638875188120734,-0.341800490445478,-3.43458207467692,0.00496758760456228,0.151602895919437
"BORR_02166",0,0.146117211113974,0.037832601224235,-0.54507874931471,0.705083437480601,-3.43458207467692,-0.0729896135779528,0.151602895919437
"BORR_02167",0,0.146117211113974,0.037832601224235,0.185207978194692,0.705083437480601,-3.43458207467692,-0.411547356690187,0.151602895919437
"BORR_02168",1,0.146117211113974,0.037832601224235,-0.507939202365253,0.0180652842540769,1.51020054308605,0.233660361580639,0.312929674010676
"BORR_02169",0,0.146117211113974,0.037832601224235,0.337310430883764,0.0180652842540769,-3.43458207467692,0.00496758760456228,0.259859837233353
"BORR_02170",1,-0.0978146070384635,0.037832601224235,0.00771107355031319,-0.136391544057586,1.51020054308605,0.277145473520378,-0.592752218784067
"BORR_02171",0,0.146117211113974,0.037832601224235,0.00771107355031319,0.0180652842540769,-0.841071363806045,0.00496758760456228,0.259859837233353
"BORR_02172",0,-0.0978146070384635,0.037832601224235,0.00771107355031319,-0.0141663669819817,1.51020054308605,-0.0729896135779528,-0.23440715863823
"BORR_02173",0,0.146117211113974,-0.44318444163337,0.00771107355031319,0.0180652842540769,1.51020054308605,0.00496758760456228,0.312929674010676
"BORR_02174",0,-0.497699848459965,0.037832601224235,0.00771107355031319,0.0180652842540769,0.656293273311169,0.00496758760456228,0.151602895919437
"BORR_02175",0,-0.0978146070384635,0.037832601224235,-1.38340793971915,0.397035991516326,1.51020054308605,0.00496758760456228,0.151602895919437
"BORR_02176",1,0.187914339792435,0.037832601224235,0.00771107355031319,-0.136391544057586,1.51020054308605,-0.0729896135779528,0.312929674010676
"BORR_02177",0,0.146117211113974,0.0919789645941921,-0.507939202365253,0.705083437480601,-3.43458207467692,-0.0729896135779528,0.435750503697017
"BORR_02178",0,-0.0978146070384635,0.037832601224235,0.337310430883764,0.18935009021854,1.51020054308605,-0.0800626615800131,0.151602895919437
"BORR_02179",0,0.187914339792435,0.037832601224235,0.00771107355031319,0.0180652842540769,-0.841071363806045,0.00496758760456228,0.151602895919437
"BORR_02180",0,-0.497699848459965,0.037832601224235,0.00771107355031319,0.0180652842540769,-0.841071363806045,-0.0729896135779528,0.151602895919437
"BORR_02181",0,0.146117211113974,0.037832601224235,0.00771107355031319,-0.136391544057586,-0.841071363806045,0.233660361580639,0.312929674010676
"BORR_02182",0,-0.0978146070384635,0.037832601224235,0.00771107355031319,0.0180652842540769,-3.43458207467692,-0.411547356690187,0.151602895919437
"BORR_02183",0,0.187914339792435,-0.44318444163337,0.00771107355031319,-0.341800490445478,-3.43458207467692,0.233660361580639,0.312929674010676
"BORR_02184",0,-0.0978146070384635,0.037832601224235,-0.507939202365253,0.0180652842540769,-3.43458207467692,-0.0729896135779528,0.312929674010676
"BORR_02185",0,0.146117211113974,0.037832601224235,0.638875188120734,0.397035991516326,1.51020054308605,-0.0729896135779528,-0.23440715863823
"BORR_02186",0,0.146117211113974,0.037832601224235,0.00771107355031319,-0.136391544057586,-3.43458207467692,0.277145473520378,0.151602895919437
"BORR_02187",0,0.146117211113974,0.037832601224235,-0.54507874931471,-0.136391544057586,-3.43458207467692,0.233660361580639,0.151602895919437
"BORR_02188",0,0.146117211113974,0.037832601224235,-0.130337798744024,-0.136391544057586,-3.43458207467692,0.00496758760456228,0.259859837233353
"BORR_02189",0,-0.0978146070384635,0.037832601224235,-0.54507874931471,-0.341800490445478,-0.841071363806045,0.00496758760456228,-0.592752218784067
"BORR_02190",0,0.187914339792435,0.037832601224235,0.337310430883764,0.0180652842540769,1.51020054308605,0.00496758760456228,-0.23440715863823
"BORR_02191",0,0.146117211113974,0.037832601224235,0.337310430883764,-0.341800490445478,-3.43458207467692,0.277145473520378,-0.592752218784067
"BORR_02192",0,0.146117211113974,0.0919789645941921,0.00771107355031319,0.18935009021854,0.656293273311169,0.00496758760456228,0.312929674010676
"BORR_02193",0,-0.497699848459965,0.037832601224235,0.00771107355031319,-0.0141663669819817,-0.841071363806045,-0.0729896135779528,0.259859837233353
"BORR_02194",0,0.146117211113974,0.037832601224235,0.638875188120734,0.397035991516326,-3.43458207467692,-0.0800626615800131,-0.23440715863823
"BORR_02195",0,0.146117211113974,-0.44318444163337,0.185207978194692,-0.136391544057586,-3.43458207467692,0.233660361580639,-0.253221305452448
"BORR_02196",0,-0.497699848459965,0.0919789645941921,0.185207978194692,0.397035991516326,-3.43458207467692,0.277145473520378,0.151602895919437
"BORR_02197",1,0.146117211113974,0.037832601224235,0.00771107355031319,0.0180652842540769,0.656293273311169,0.233660361580639,0.151602895919437
"BORR_02198",0,-0.497699848459965,-0.44318444163337,0.638875188120734,-0.136391544057586,-3.43458207467692,0.00496758760456228,0.151602895919437
"BORR_02199",0,-0.0978146070384635,0.037832601224235,-0.130337798744024,0.0180652842540769,-0.841071363806045,-0.300216674045857,0.151602895919437
"BORR_02200",0,0.146117211113974,0.037832601224235,0.638875188120734,0.0180652842540769,-3.43458207467692,-0.411547356690187,0.259859837233353
"BORR_02201",0,0.146117211113974,0.0919789645941921,0.00771107355031319,0.18935009021854,-3.43458207467692,-0.0729896135779528,0.435750503697017
"BORR_02202",0,0.146117211113974,0.037832601224235,-0.507939202365253,0.0180652842540769,-0.841071363806045,-0.0800626615800131,-0.592752218784067
"BORR_02203",1,0.146117211113974,0.037832601224235,0.00771107355031319,0.18935009021854,1.51020054308605,-0.0729896135779528,0.312929674010676
"BORR_02204",0,-0.497699848459965,0.037832601224235,-0.54507874931471,0.0180652842540769,-3.43458207467692,0.233660361580639,0.151602895919437
"BORR_02205",0,-0.497699848459965,0.037832601224235,-0.54507874931471,0.0180652842540769,1.51020054308605,0.00496758760456228,0.259859837233353
"BORR_02206",0,0.146117211113974,0.037832601224235,0.00771107355031319,0.0180652842540769,-0.841071363806045,0.277145473520378,0.151602895919437
"BORR_02207",0,-0.497699848459965,-0.44318444163337,0.00771107355031319,-0.719557128647638,1.51020054308605,-0.0729896135779528,0.435750503697017
"BORR_02208",0,0.146117211113974,0.037832601224235,-0.130337798744024,0.0180652842540769,-3.43458207467692,0.288768313348371,0.259859837233353
"BORR_02209",0,-0.497699848459965,-0.44318444163337,-0.54507874931471,0.0180652842540769,-3.43458207467692,0.00496758760456228,0.312929674010676
"BORR_02210",0,0.146117211113974,0.037832601224235,-1.38340793971915,-0.0141663669819817,-0.841071363806045,0.00496758760456228,-0.592752218784067
"BORR_02211",0,0.146117211113974,0.0919789645941921,0.00771107355031319,0.0180652842540769,1.51020054308605,-0.0729896135779528,0.151602895919437
"BORR_02212",0,-0.0978146070384635,0.0919789645941921,0.337310430883764,0.0180652842540769,-0.841071363806045,-0.411547356690187,0.435750503697017
"BORR_02213",0,-0.497699848459965,0.0919789645941921,0.00771107355031319,0.705083437480601,1.51020054308605,-0.0729896135779528,0.151602895919437
"BORR_02214",0,0.187914339792435,0.037832601224235,-1.38340793971915,-0.341800490445478,-3.43458207467692,0.00496758760456228,0.151602895919437
"BORR_02215",0,-0.497699848459965,0.037832601224235,0.185207978194692,0.397035991516326,-3.43458207467692,0.00496758760456228,-0.23440715863823
"BORR_02216",0,-0.497699848459965,0.037832601224235,0.185207978194692,-0.136391544057586,-3.43458207467692,0.233660361580639,0.151602895919437
"BORR_02217",0,-0.497699848459965,-0.44318444163337,-1.38340793971915,-0.341800490445478,-3.43458207467692,-0.411547356690187,-0.592752218784067
"BORR_02218",0,-0.497699848459965,0.0919789645941921,-0.54507874931471,0.397035991516326,-0.841071363806045,0.00496758760456228,-0.23440715863823
"BORR_02219",0,0.146117211113974,0.037832601224235,-0.54507874931471,0.0180652842540769,-0.841071363806045,-0.411547356690187,-0.592752218784067
"BORR_02220",0,-0.497699848459965,0.037832601224235,0.337310430883764,0.18935009021854,-3.43458207467692,0.277145473520378,0.151602895919437
"BORR_02221",0,0.187914339792435,0.037832601224235,-0.507939202365253,0.18935009021854,-3.43458207467692,-0.411547356690187,0.312929674010676
"BORR_02222",0,0.146117211113974,0.037832601224235,0.185207978194692,0.0180652842540769,-0.841071363806045,-0.0729896135779528,0.435750503697017
"BORR_02223",0,0.146117211113974,0.037832601224235,-0.507939202365253,-0.136391544057586,-3.43458207467692,0.00496758760456228,-0.852103784609621
"BORR_02224",0,0.146117211113974,0.0919789645941921,-0.54507874931471,0.705083437480601,-0.841071363806045,-0.0729896135779528,0.435750503697017
"BORR_02225",1,0.146117211113974,0.037832601224235,0.337310430883764,0.705083437480601,1.51020054308605,-0.0800626615800131,0.259859837233353
"BORR_02226",1,0.146117211113974,0.037832601224235,0.337310430883764,0.0180652842540769,1.51020054308605,0.233660361580639,0.435750503697017
"BORR_02227",0,0.146117211113974,0.037832601224235,-0.54507874931471,-0.136391544057586,1.51020054308605,-0.300216674045857,0.435750503697017
"BORR_02228",0,-0.0978146070384635,0.037832601224235,-0.130337798744024,-0.341800490445478,-0.841071363806045,-0.0729896135779528,0.151602895919437
"BORR_02229",0,-0.497699848459965,0.037832601224235,0.638875188120734,-0.136391544057586,-3.43458207467692,-0.0729896135779528,0.435750503697017
"BORR_02230",0,0.146117211113974,0.037832601224235,0.00771107355031319,0.0180652842540769,1.51020054308605,-0.0800626615800131,-0.253221305452448
"BORR_02231",0,0.146117211113974,0.037832601224235,0.185207978194692,0.397035991516326,-3.43458207467692,0.288768313348371,-0.23440715863823
"BORR_02232",0,0.146117211113974,-0.44318444163337,0.00771107355031319,0.0180652842540769,-3.43458207467692,0.00496758760456228,0.151602895919437
"BORR_02233",0,-0.497699848459965,0.037832601224235,0.185207978194692,-0.136391544057586,-3.43458207467692,-0.0800626615800131,-0.23440715863823
"BORR_02234",0,0.187914339792435,0.037832601224235,-0.54507874931471,-0.0141663669819817,-3.43458207467692,0.277145473520378,-0.253221305452448
"BORR_02235",0,-0.497699848459965,-0.44318444163337,-0.507939202365253,0.0180652842540769,-0.841071363806045,0.00496758760456228,-0.23440715863823
"BORR_02236",1,0.187914339792435,0.0919789645941921,0.00771107355031319,0.0180652842540769,-0.841071363806045,0.277145473520378,0.151602895919437
"BORR_02237",0,0.146117211113974,0.037832601224235,-0.507939202365253,-0.136391544057586,-0.841071363806045,0.00496758760456228,-0.253221305452448
"BORR_02238",1,0.146117211113974,0.037832601224235,0.00771107355031319,0.397035991516326,0.656293273311169,-0.0729896135779528,0.151602895919437
"BORR_02239",0,0.146117211113974,0.037832601224235,0.00771107355031319,0.0180652842540769,1.51020054308605,0.00496758760456228,-0.592752218784067
"BORR_02240",0,-0.0978146070384635,0.0919789645941921,-0.130337798744024,0.397035991516326,-0.841071363806045,0.00496758760456228,0.259859837233353
"BORR_02241",0,-0.0978146070384635,0.0919789645941921,0.00771107355031319,-0.719557128647638,-0.841071363806045,0.288768313348371,-0.253221305452448
"BORR_02242",0,0.146117211113974,0.0919789645941921,0.00771107355031319,-0.136391544057586,-0.841071363806045,0.00496758760456228,0.312929674010676
"BORR_02243",0,0.146117211113974,0.037832601224235,-0.507939202365253,0.18935009021854,0.656293273311169,0.00496758760456228,0.312929674010676
"BORR_02244",1,-0.0978146070384635,0.0919789645941921,0.337310430883764,0.0180652842540769,1.51020054308605,-0.0729896135779528,0.151602895919437
"BORR_02245",0,0.146117211113974,0.037832601224235,0.638875188120734,0.0180652842540769,-3.43458207467692,-0.0800626615800131,0.312929674010676
"BORR_02246",0,-0.497699848459965,0.037832601224235,0.00771107355031319,-0.136391544057586,-3.43458207467692,-0.411547356690187,0.151602895919437
"BORR_02247",0,0.146117211113974,0.037832601224235,0.185207978194692,0.0180652842540769,1.51020054308605,0.00496758760456228,0.151602895919437
"BORR_02248",0,-0.0978146070384635,0.037832601224235,0.337310430883764,0.0180652842540769,-3.43458207467692,-0.0729896135779528,0.259859837233353
"BORR_02249",0,0.146117211113974,0.037832601224235,0.00771107355031319,0.397035991516326,0.656293273311169,-0.0800626615800131,0.259859837233353
"BORR_02250",0,0.146117211113974,-0.44318444163337,0.00771107355031319,-0.136391544057586,-3.43458207467692,-0.300216674045857,-0.23440715863823
"BORR_02251",0,0.146117211113974,-0.44318444163337,0.638875188120734,0.0180652842540769,0.656293273311169,0.288768313348371,0.259859837233353
"BORR_02252",0,-0.497699848459965,0.037832601224235,-0.507939202365253,-0.341800490445478,-3.43458207467692,-0.0800626615800131,0.312929674010676
"BORR_02253",0,0.187914339792435,0.037832601224235,0.00771107355031319,-0.136391544057586,-0.841071363806045,-0.0729896135779528,0.151602895919437
"BORR_02254",1,-0.0978146070384635,0.037832601224235,0.185207978194692,0.0180652842540769,1.51020054308605,0.00496758760456228,0.151602895919437
"BORR_02255",0,0.187914339792435,0.037832601224235,-1.38340793971915,0.0180652842540769,-0.841071363806045,-0.0729896135779528,0.312929674010676
"BORR_02256",0,0.146117211113974,0.037832601224235,0.00771107355031319,-0.719557128647638,-3.43458207467692,0.233660361580639,0.151602895919437
"BORR_02257",0,0.146117211113974,-0.44318444163337,0.00771107355031319,-0.719557128647638,-3.43458207467692,-0.0800626615800131,-0.23440715863823
"BORR_02258",1,0.146117211113974,0.037832601224235,0.337310430883764,-0.136391544057586,1.51020054308605,-0.0800626615800131,-0.23440715863823
"BORR_02259",0,0.146117211113974,0.037832601224235,0.00771107355031319,0.18935009021854,-3.43458207467692,-0.0800626615800131,0.259859837233353
"BORR_02260",0,-0.497699848459965,0.037832601224235,0.337310430883764,0.0180652842540769,0.656293273311169,-0.0729896135779528,-0.23440715863823
"BORR_02261",0,-0.497699848459965,-0.44318444163337,0.00771107355031319,-0.136391544057586,0.656293273311169,-0.0729896135779528,0.151602895919437
"BORR_02262",0,-0.497699848459965,0.0919789645941921,0.638875188120734,0.0180652842540769,-3.43458207467692,-0.0800626615800131,-0.253221305452448
"BORR_02263",0,-0.497699848459965,-0.44318444163337,0.337310430883764,-0.136391544057586,-3.43458207467692,-0.300216674045857,0.151602895919437
"BORR_02264",0,0.146117211113974,0.0919789645941921,-1.38340793971915,-0.136391544057586,-3.43458207467692,0.233660361580639,-0.592752218784067
"BORR_02265",0,-0.0978146070384635,0.037832601224235,0.00771107355031319,-0.341800490445478,1.51020054308605,0.00496758760456228,0.151602895919437
"BORR_02266",0,0.146117211113974,0.037832601224235,0.00771107355031319,-0.136391544057586,-3.43458207467692,-0.0729896135779528,0.259859837233353
"BORR_02267",0,-0.0978146070384635,0.0919789645941921,0.00771107355031319,-0.136391544057586,-0.841071363806045,0.00496758760456228,-0.23440715863823
"BORR_02268",0,-0.497699848459965,0.037832601224235,0.337310430883764,0.0180652842540769,-3.43458207467692,0.00496758760456228,0.312929674010676
"BORR_02269",0,-0.0978146070384635,0.037832601224235,0.00771107355031319,-0.341800490445478,-3.43458207467692,-0.0729896135779528,-0.852103784609621
"BORR_02270",0,0.146117211113974,0.037832601224235,-0.130337798744024,0.705083437480601,-3.43458207467692,0.288768313348371,0.259859837233353
"BORR_02271",0,0.146117211113974,0.037832601224235,-0.54507874931471,0.397035991516326,0.656293273311169,-0.0800626615800131,0.312929674010676
"BORR_02272",1,-0.0978146070384635,0.037832601224235,0.337310430883764,0.0180652842540769,1.51020054308605,0.288768313348371,0.259859837233353
"BORR_02273",0,0.146117211113974,0.037832601224235,0.00771107355031319,0.0180652842540769,-3.43458207467692,-0.0800626615800131,0.259859837233353
"BORR_02274",0,-0.497699848459965,0.0919789645941921,0.00771107355031319,-0.136391544057586,1.51020054308605,0.00496758760456228,-0.23440715863823
"BORR_02275",0,0.146117211113974,0.037832601224235,0.00771107355031319,-0.719557128647638,-3.43458207467692,0.233660361580639,-0.592752218784067
"BORR_02276",1,0.146117211113974,0.037832601224235,0.00771107355031319,0.0180652842540769,1.51020054308605,0.00496758760456228,-0.253221305452448
"BORR_02277",1,0.146117211113974,0.037832601224235,0.185207978194692,-0.341800490445478,1.51020054308605,0.233660361580639,0.151602895919437
"BORR_02278",0,0.187914339792435,0.037832601224235,0.00771107355031319,-0.341800490445478,-0.841071363806045,0.00496758760456228,0.259859837233353
"BORR_02279",0,0.146117211113974,0.037832601224235,0.185207978194692,-0.719557128647638,-3.43458207467692,-0.0800626615800131,-0.852103784609621
"BORR_02280",0,-0.497699848459965,0.037832601224235,0.638875188120734,0.397035991516326,-0.841071363806045,-0.0729896135779528,-0.253221305452448
"BORR_02281",0,0.146117211113974,0.037832601224235,-0.54507874931471,0.18935009021854,-3.43458207467692,-0.0729896135779528,-0.253221305452448
"BORR_02282",0,0.146117211113974,0.037832601224235,0.337310430883764,-0.136391544057586,-3.43458207467692,0.277145473520378,0.259859837233353
"BORR_02283",0,-0.0978146070384635,0.037832601224235,-0.507939202365253,0.0180652842540769,-0.841071363806045,-0.0729896135779528,-0.23440715863823
"BORR_02284",0,0.146117211113974,0.037832601224235,-0.130337798744024,-0.136391544057586,-3.43458207467692,0.00496758760456228,-0.592752218784067
"BORR_02285",0,-0.497699848459965,0.037832601224235,0.00771107355031319,-0.136391544057586,-3.43458207467692,-0.300216674045857,-0.592752218784067
"BORR_02286",0,-0.497699848459965,0.037832601224235,0.185207978194692,-0.136391544057586,-3.43458207467692,0.00496758760456228,-0.253221305452448
"BORR_02287",0,0.146117211113974,0.037832601224235,0.00771107355031319,0.0180652842540769,-0.841071363806045,-0.0729896135779528,0.312929674010676
"BORR_02288",0,-0.0978146070384635,0.037832601224235,-0.130337798744024,0.0180652842540769,-0.841071363806045,0.00496758760456228,-0.253221305452448
"BORR_02289",0,0.146117211113974,0.037832601224235,0.00771107355031319,-0.136391544057586,-0.841071363806045,-0.411547356690187,0.151602895919437
"BORR_02290",0,0.187914339792435,0.037832601224235,0.00771107355031319,0.0180652842540769,-3.43458207467692,-0.0729896135779528,-0.253221305452448
"BORR_02291",0,0.146117211113974,0.037832601224235,-0.507939202365253,-0.341800490445478,-0.841071363806045,0.00496758760456228,0.312929674010676
"BORR_02292",0,0.146117211113974,0.0919789645941921,0.00771107355031319,0.0180652842540769,-3.43458207467692,-0.411547356690187,0.435750503697017
"BORR_02293",1,0.146117211113974,-0.44318444163337,0.337310430883764,0.705083437480601,1.51020054308605,-0.0729896135779528,0.259859837233353
"BORR_02294",0,0.146117211113974,0.0919789645941921,-0.507939202365253,0.0180652842540769,-3.43458207467692,-0.300216674045857,-0.852103784609621
"BORR_02295",0,0.146117211113974,0.0919789645941921,0.00771107355031319,-0.341800490445478,-0.841071363806045,0.233660361580639,0.259859837233353
"BORR_02296",0,-0.497699848459965,0.037832601224235,-0.54507874931471,0.0180652842540769,-3.43458207467692,-0.0729896135779528,0.312929674010676
"BORR_02297",0,-0.497699848459965,0.0919789645941921,-0.130337798744024,-0.341800490445478,-3.43458207467692,0.288768313348371,-0.592752218784067
"BORR_02298",0,-0.497699848459965,0.037832601224235,0.00771107355031319,-0.341800490445478,-3.43458207467692,-0.0729896135779528,-0.852103784609621
"BORR_02299",0,0.146117211113974,0.037832601224235,0.185207978194692,0.18935009021854,-3.43458207467692,0.233660361580639,-0.852103784609621
"BORR_02300",0,-0.497699848459965,0.037832601224235,0.00771107355031319,-0.341800490445478,1.51020054308605,-0.411547356690187,0.259859837233353
"BORR_02301",0,0.146117211113974,0.037832601224235,-0.54507874931471,0.0180652842540769,1.51020054308605,0.277145473520378,-0.253221305452448
"BORR_02302",0,0.146117211113974,-0.44318444163337,-0.507939202365253,0.0180652842540769,1.51020054308605,-0.0729896135779528,0.259859837233353
"BORR_02303",0,-0.0978146070384635,0.037832601224235,0.185207978194692,0.0180652842540769,-0.841071363806045,0.00496758760456228,-0.592752218784067
"BORR_02304",0,0.146117211113974,0.0919789645941921,0.00771107355031319,-0.341800490445478,-0.841071363806045,0.00496758760456228,0.151602895919437
"BORR_02305",0,-0.0978146070384635,0.037832601224235,0.185207978194692,-0.341800490445478,-0.841071363806045,0.233660361580639,-0.592752218784067
"BORR_02306",0,-0.0978146070384635,0.037832601224235,0.00771107355031319,0.397035991516326,-3.43458207467692,0.00496758760456228,-0.852103784609621
"BORR_02307",0,-0.0978146070384635,0.037832601224235,-0.54507874931471,0.0180652842540769,-0.841071363806045,-0.0729896135779528,0.312929674010676
"BORR_02308",0,-0.497699848459965,0.037832601224235,0.337310430883764,0.18935009021854,-3.43458207467692,0.00496758760456228,0.151602895919437
"BORR_02309",1,-0.497699848459965,0.0919789645941921,0.185207978194692,0.705083437480601,1.51020054308605,0.233660361580639,0.435750503697017
"BORR_02310",0,0.146117211113974,0.037832601224235,0.00771107355031319,-0.136391544057586,1.51020054308605,0.288768313348371,0.151602895919437
"BORR_02311",0,0.187914339792435,0.037832601224235,-0.130337798744024,-0.0141663669819817,-3.43458207467692,-0.0800626615800131,-0.23440715863823
"BORR_02312",0,0.146117211113974,0.0919789645941921,0.00771107355031319,-0.719557128647638,-3.43458207467692,-0.411547356690187,0.312929674010676
"BORR_02313",0,-0.0978146070384635,0.037832601224235,0.00771107355031319,0.397035991516326,-0.841071363806045,-0.300216674045857,-0.23440715863823
"BORR_02314",0,-0.497699848459965,0.037832601224235,0.00771107355031319,0.0180652842540769,-0.841071363806045,0.233660361580639,-0.23440715863823
"BORR_02315",0,-0.497699848459965,0.037832601224235,0.337310430883764,0.0180652842540769,-3.43458207467692,0.233660361580639,0.259859837233353
"BORR_02316",0,0.187914339792435,0.037832601224235,0.00771107355031319,-0.0141663669819817,-3.43458207467692,-0.0800626615800131,0.151602895919437
"BORR_02317",0,0.146117211113974,0.037832601224235,0.185207978194692,0.0180652842540769,-0.841071363806045,0.233660361580639,-0.852103784609621
"BORR_02318",1,0.146117211113974,0.037832601224235,0.185207978194692,0.0180652842540769,1.51020054308605,0.288768313348371,-0.23440715863823
"BORR_02319",0,0.146117211113974,0.037832601224235,-1.38340793971915,-0.341800490445478,-0.841071363806045,-0.300216674045857,-0.23440715863823
"BORR_02320",0,-0.0978146070384635,0.037832601224235,-0.130337798744024,0.0180652842540769,0.656293273311169,-0.0729896135779528,-0.253221305452448
"BORR_02321",0,0.146117211113974,-0.44318444163337,-0.507939202365253,-0.136391544057586,-0.841071363806045,0.233660361580639,-0.852103784609621
"BORR_02322",0,0.146117211113974,0.0919789645941921,-1.38340793971915,0.0180652842540769,1.51020054308605,0.00496758760456228,-0.852103784609621
"BORR_02323",0,0.146117211113974,0.037832601224235,-0.130337798744024,-0.136391544057586,0.656293273311169,0.00496758760456228,0.312929674010676
"BORR_02324",0,-0.497699848459965,0.037832601224235,-0.54507874931471,-0.341800490445478,-0.841071363806045,-0.0800626615800131,0.312929674010676
"BORR_02325",0,0.187914339792435,0.037832601224235,0.00771107355031319,0.0180652842540769,-3.43458207467692,-0.0729896135779528,-0.23440715863823
"BORR_02326",0,0.146117211113974,0.037832601224235,0.00771107355031319,0.0180652842540769,-3.43458207467692,-0.300216674045857,0.151602895919437
"BORR_02327",0,0.146117211113974,0.0919789645941921,-0.507939202365253,0.0180652842540769,-3.43458207467692,0.00496758760456228,-0.592752218784067
"BORR_02328",0,0.146117211113974,0.037832601224235,0.185207978194692,0.0180652842540769,0.656293273311169,-0.0729896135779528,-0.852103784609621
"BORR_02329",0,0.146117211113974,0.037832601224235,0.00771107355031319,0.397035991516326,-0.841071363806045,-0.300216674045857,0.151602895919437
"BORR_02330",0,0.146117211113974,0.037832601224235,0.00771107355031319,-0.341800490445478,-3.43458207467692,0.277145473520378,0.151602895919437
"BORR_02331",0,0.146117211113974,0.037832601224235,0.638875188120734,-0.136391544057586,-3.43458207467692,0.233660361580639,0.151602895919437
"BORR_02332",0,0.146117211113974,0.037832601224235,0.337310430883764,0.397035991516326,-3.43458207467692,-0.411547356690187,-0.852103784609621
"BORR_02333",0,0.146117211113974,0.037832601224235,0.00771107355031319,-0.719557128647638,-3.43458207467692,0.288768313348371,0.259859837233353
"BORR_02334",0,0.146117211113974,0.037832601224235,-0.54507874931471,-0.136391544057586,0.656293273311169,-0.0729896135779528,0.435750503697017
"BORR_02335",0,0.146117211113974,0.037832601224235,0.185207978194692,-0.136391544057586,1.51020054308605,-0.411547356690187,0.151602895919437
"BORR_02336",0,0.146117211113974,0.037832601224235,-1.38340793971915,0.397035991516326,-0.841071363806045,0.233660361580639,-0.852103784609621
"BORR_02337",0,0.146117211113974,0.037832601224235,0.337310430883764,0.0180652842540769,-0.841071363806045,-0.0800626615800131,0.435750503697017
"BORR_02338",0,0.187914339792435,0.0919789645941921,0.00771107355031319,0.0180652842540769,-3.43458207467692,0.233660361580639,0.151602895919437
"BORR_02339",0,-0.0978146070384635,0.037832601224235,-0.54507874931471,-0.341800490445478,1.51020054308605,0.00496758760456228,-0.23440715863823
"BORR_02340",0,-0.0978146070384635,0.037832601224235,0.638875188120734,0.0180652842540769,-0.841071363806045,0.233660361580639,0.259859837233353
"BORR_02341",1,0.146117211113974,0.037832601224235,0.00771107355031319,0.0180652842540769,1.51020054308605,-0.0729896135779528,0.435750503697017
"BORR_02342",0,-0.0978146070384635,0.0919789645941921,0.00771107355031319,0.397035991516326,-3.43458207467692,0.277145473520378,-0.23440715863823
"BORR_02343",0,0.146117211113974,0.037832601224235,0.00771107355031319,-0.0141663669819817,-3.43458207467692,-0.0800626615800131,0.151602895919437
"BORR_02344",0,0.146117211113974,0.037832601224235,-1.38340793971915,0.18935009021854,-3.43458207467692,-0.0729896135779528,-0.852103784609621
"BORR_02345",0,0.187914339792435,0.037832601224235,-0.130337798744024,0.705083437480601,-3.43458207467692,-0.0729896135779528,0.151602895919437
"BORR_02346",0,-0.497699848459965,0.0919789645941921,-0.54507874931471,-0.341800490445478,-0.841071363806045,-0.411547356690187,0.151602895919437
"BORR_02347",0,0.187914339792435,0.037832601224235,-0.54507874931471,-0.136391544057586,-0.841071363806045,-0.0729896135779528,-0.852103784609621
"BORR_02348",0,0.187914339792435,0.037832601224235,0.185207978194692,0.0180652842540769,-0.841071363806045,-0.0729896135779528,-0.23440715863823
"BORR_02349",0,0.146117211113974,0.037832601224235,0.00771107355031319,-0.341800490445478,1.51020054308605,-0.0800626615800131,0.151602895919437
"BORR_02350",0,0.146117211113974,0.037832601224235,0.638875188120734,-0.136391544057586,-0.841071363806045,-0.0729896135779528,0.151602895919437
"BORR_02351",1,0.146117211113974,0.037832601224235,0.638875188120734,0.0180652842540769,1.51020054308605,0.288768313348371,-0.253221305452448
"BORR_02352",0,-0.497699848459965,0.037832601224235,0.00771107355031319,0.0180652842540769,-0.841071363806045,-0.300216674045857,-0.852103784609621
"BORR_02353",0,-0.0978146070384635,0.037832601224235,0.00771107355031319,0.0180652842540769,-3.43458207467692,-0.0729896135779528,0.435750503697017
"BORR_02354",0,0.146117211113974,0.037832601224235,0.00771107355031319,-0.341800490445478,-3.43458207467692,-0.300216674045857,-0.23440715863823
"BORR_02355",1,-0.0978146070384635,0.037832601224235,0.00771107355031319,-0.341800490445478,-0.841071363806045,-0.0800626615800131,0.151602895919437
"BORR_02356",0,0.187914339792435,0.037832601224235,0.185207978194692,0.0180652842540769,0.656293273311169,-0.0729896135779528,0.259859837233353
"BORR_02357",1,0.146117211113974,0.037832601224235,0.337310430883764,0.397035991516326,1.51020054308605,0.00496758760456228,0.151602895919437
"BORR_02358",0,0.187914339792435,0.037832601224235,-0.54507874931471,0.0180652842540769,-0.841071363806045,0.00496758760456228,-0.592752218784067
"BORR_02359",0,-0.497699848459965,0.037832601224235,0.00771107355031319,-0.136391544057586,-3.43458207467692,0.233660361580639,0.151602895919437
"BORR_02360",0,-0.0978146070384635,0.0919789645941921,0.00771107355031319,0.0180652842540769,-3.43458207467692,-0.411547356690187,0.259859837233353
"BORR_02361",0,0.187914339792435,0.0919789645941921,0.337310430883764,-0.136391544057586,-3.43458207467692,-0.0729896135779528,-0.592752218784067
"BORR_02362",0,-0.497699848459965,0.0919789645941921,0.337310430883764,0.0180652842540769,-3.43458207467692,0.233660361580639,-0.592752218784067
"BORR_02363",0,0.146117211113974,0.037832601224235,0.337310430883764,0.18935009021854,-3.43458207467692,0.00496758760456228,0.151602895919437
"BORR_02364",0,0.187914339792435,0.037832601224235,0.00771107355031319,-0.341800490445478,0.656293273311169,0.00496758760456228,0.435750503697017
"BORR_02365",0,0.146117211113974,0.037832601224235,0.00771107355031319,-0.341800490445478,1.51020054308605,0.00496758760456228,-0.852103784609621
"BORR_02366",1,-0.497699848459965,0.037832601224235,0.00771107355031319,0.0180652842540769,1.51020054308605,-0.300216674045857,0.435750503697017
"BORR_02367",0,0.146117211113974,0.037832601224235,-0.507939202365253,-0.136391544057586,1.51020054308605,-0.0800626615800131,-0.852103784609621
"BORR_02368",0,0.146117211113974,0.037832601224235,-0.507939202365253,0.0180652842540769,-0.841071363806045,0.00496758760456228,0.435750503697017
"BORR_02369",0,-0.497699848459965,0.037832601224235,0.00771107355031319,0.397035991516326,-3.43458207467692,0.288768313348371,-0.592752218784067
"BORR_02370",0,0.146117211113974,0.037832601224235,0.00771107355031319,-0.341800490445478,-3.43458207467692,0.00496758760456228,0.259859837233353
"BORR_02371",0,-0.0978146070384635,-0.44318444163337,0.00771107355031319,-0.136391544057586,-3.43458207467692,-0.300216674045857,0.312929674010676
"BORR_02372",0,-0.497699848459965,-0.44318444163337,0.00771107355031319,-0.341800490445478,-0.841071363806045,-0.0729896135779528,0.151602895919437
"BORR_02373",0,0.146117211113974,0.0919789645941921,0.337310430883764,0.0180652842540769,-3.43458207467692,-0.0729896135779528,0.151602895919437
"BORR_02374",0,0.146117211113974,0.037832601224235,0.00771107355031319,-0.341800490445478,1.51020054308605,-0.300216674045857,-0.23440715863823
"BORR_02375",0,0.187914339792435,0.037832601224235,-0.507939202365253,-0.341800490445478,-3.43458207467692,-0.0729896135779528,0.312929674010676
"BORR_02376",0,-0.497699848459965,0.037832601224235,-1.38340793971915,-0.136391544057586,0.656293273311169,-0.0729896135779528,0.312929674010676
"BORR_02377",0,0.146117211113974,0.037832601224235,0.00771107355031319,-0.136391544057586,-3.43458207467692,-0.0800626615800131,0.259859837233353
"BORR_02378",0,0.146117211113974,0.037832601224235,0.185207978194692,-0.341800490445478,-0.841071363806045,-0.0800626615800131,-0.592752218784067
"BORR_02379",0,0.146117211113974,0.037832601224235,0.337310430883764,0.0180652842540769,1.51020054308605,-0.0729896135779528,-0.23440715863823
"BORR_02380",0,-0.497699848459965,-0.44318444163337,0.00771107355031319,-0.136391544057586,-3.43458207467692,-0.0729896135779528,0.259859837233353
"BORR_02381",0,0.146117211113974,0.037832601224235,0.00771107355031319,-0.341800490445478,-0.841071363806045,0.00496758760456228,-0.23440715863823
"BORR_02382",0,0.146117211113974,0.0919789645941921,-0.130337798744024,-0.719557128647638,-3.43458207467692,0.277145473520378,-0.253221305452448
"BORR_02383",0,-0.497699848459965,0.0919789645941921,0.185207978194692,0.0180652842540769,-0.841071363806045,-0.0800626615800131,-0.852103784609621
"BORR_02384",0,-0.0978146070384635,0.037832601224235,0.185207978194692,0.705083437480601,-3.43458207467692,0.00496758760456228,0.259859837233353
"BORR_02385",0,-0.497699848459965,0.0919789645941921,0.185207978194692,0.705083437480601,-0.841071363806045,0.00496758760456228,-0.592752218784067
"BORR_02386",0,-0.497699848459965,0.037832601224235,0.00771107355031319,-0.341800490445478,-3.43458207467692,-0.300216674045857,-0.23440715863823
"BORR_02387",0,-0.0978146070384635,0.037832601224235,-0.130337798744024,-0.136391544057586,0.656293273311169,0.00496758760456228,-0.592752218784067
"BORR_02388",0,-0.0978146070384635,0.0919789645941921,0.337310430883764,-0.0141663669819817,1.51020054308605,0.233660361580639,-0.592752218784067
"BORR_02389",0,-0.497699848459965,0.037832601224235,0.00771107355031319,0.18935009021854,-0.841071363806045,-0.300216674045857,0.151602895919437
"BORR_02390",0,0.187914339792435,0.037832601224235,-1.38340793971915,-0.341800490445478,-3.43458207467692,-0.0800626615800131,0.151602895919437
"BORR_02391",0,-0.497699848459965,0.037832601224235,0.337310430883764,0.18935009021854,-0.841071363806045,-0.0800626615800131,0.259859837233353
"BORR_02392",0,0.146117211113974,0.037832601224235,-0.507939202365253,0.0180652842540769,1.51020054308605,0.00496758760456228,-0.253221305452448
"BORR_02393",0,0.146117211113974,0.037832601224235,0.00771107355031319,-0.136391544057586,-0.841071363806045,0.288768313348371,0.151602895919437
"BORR_02394",0,-0.497699848459965,0.037832601224235,0.00771107355031319,-0.0141663669819817,-0.841071363806045,0.00496758760456228,0.259859837233353
"BORR_02395",0,0.146117211113974,0.037832601224235,0.00771107355031319,-0.136391544057586,-0.841071363806045,0.288768313348371,0.435750503697017
"BORR_02396",0,0.146117211113974,0.037832601224235,0.638875188120734,0.0180652842540769,1.51020054308605,-0.411547356690187,0.151602895919437
"BORR_02397",0,0.187914339792435,0.0919789645941921,0.00771107355031319,0.397035991516326,-0.841071363806045,0.288768313348371,0.312929674010676
"BORR_02398",0,-0.497699848459965,-0.44318444163337,-0.507939202365253,-0.136391544057586,-3.43458207467692,0.00496758760456228,-0.253221305452448
"BORR_02399",0,0.146117211113974,0.037832601224235,0.185207978194692,0.0180652842540769,-3.43458207467692,0.288768313348371,0.151602895919437
"BORR_02400",0,0.146117211113974,0.0919789645941921,0.00771107355031319,0.0180652842540769,-3.43458207467692,0.00496758760456228,-0.852103784609621
"BORR_02401",0,0.187914339792435,0.0919789645941921,0.185207978194692,0.18935009021854,-3.43458207467692,0.00496758760456228,0.435750503697017
"BORR_02402",0,0.146117211113974,0.0919789645941921,0.00771107355031319,-0.341800490445478,-3.43458207467692,0.233660361580639,0.312929674010676
"BORR_02403",0,-0.497699848459965,0.037832601224235,0.00771107355031319,-0.341800490445478,-3.43458207467692,0.288768313348371,0.151602895919437
"BORR_02404",0,-0.497699848459965,0.037832601224235,0.00771107355031319,0.0180652842540769,1.51020054308605,0.00496758760456228,0.151602895919437
"BORR_02405",0,-0.0978146070384635,0.0919789645941921,-0.507939202365253,-0.0141663669819817,-3.43458207467692,0.00496758760456228,0.259859837233353
"BORR_02406",0,-0.497699848459965,0.037832601224235,0.185207978194692,0.0180652842540769,-3.43458207467692,-0.0800626615800131,-0.253221305452448
"BORR_02407",0,-0.497699848459965,0.0919789645941921,0.00771107355031319,0.705083437480601,1.51020054308605,-0.0729896135779528,0.151602895919437
"BORR_02408",0,-0.0978146070384635,0.037832601224235,0.00771107355031319,-0.136391544057586,1.51020054308605,0.288768313348371,-0.23440715863823
"BORR_02409",0,0.146117211113974,0.037832601224235,0.337310430883764,-0.0141663669819817,-0.841071363806045,-0.0800626615800131,0.151602895919437
"BORR_02410",0,0.146117211113974,0.037832601224235,0.00771107355031319,0.0180652842540769,0.656293273311169,-0.0729896135779528,0.312929674010676
"BORR_02411",0,0.146117211113974,0.037832601224235,0.00771107355031319,-0.0141663669819817,-3.43458207467692,-0.0800626615800131,0.151602895919437
"BORR_02412",0,-0.497699848459965,0.037832601224235,0.337310430883764,0.705083437480601,-3.43458207467692,0.277145473520378,0.312929674010676
"BORR_02413",0,-0.0978146070384635,-0.44318444163337,0.337310430883764,-0.341800490445478,-3.43458207467692,-0.411547356690187,0.259859837233353
"BORR_02414",0,0.146117211113974,0.037832601224235,-0.130337798744024,-0.341800490445478,-3.43458207467692,-0.0729896135779528,-0.592752218784067
"BORR_02415",0,0.146117211113974,0.0919789645941921,0.00771107355031319,-0.0141663669819817,-3.43458207467692,-0.0729896135779528,0.312929674010676
"BORR_02416",0,-0.497699848459965,-0.44318444163337,0.638875188120734,-0.0141663669819817,-3.43458207467692,-0.0729896135779528,0.312929674010676
"BORR_02417",0,0.146117211113974,0.037832601224235,0.00771107355031319,0.705083437480601,-3.43458207467692,-0.0800626615800131,-0.23440715863823
"BORR_02418",0,0.146117211113974,-0.44318444163337,-1.38340793971915,-0.136391544057586,-3.43458207467692,0.233660361580639,0.151602895919437
"BORR_02419",0,-0.497699848459965,0.037832601224235,-1.38340793971915,-0.341800490445478,-3.43458207467692,-0.300216674045857,0.259859837233353
"BORR_02420",0,0.146117211113974,0.0919789645941921,0.00771107355031319,-0.0141663669819817,-3.43458207467692,-0.0800626615800131,0.259859837233353
"BORR_02421",0,0.187914339792435,0.0919789645941921,0.337310430883764,0.397035991516326,0.656293273311169,-0.0729896135779528,0.259859837233353
"BORR_02422",1,0.146117211113974,0.037832601224235,0.337310430883764,0.18935009021854,1.51020054308605,0.00496758760456228,0.259859837233353
"BORR_02423",0,-0.497699848459965,0.037832601224235,0.00771107355031319,-0.136391544057586,-3.43458207467692,0.233660361580639,0.151602895919437
"BORR_02424",0,0.187914339792435,0.037832601224235,-0.130337798744024,-0.136391544057586,-3.43458207467692,0.233660361580639,-0.852103784609621
"BORR_02425",0,0.146117211113974,-0.44318444163337,0.00771107355031319,0.0180652842540769,1.51020054308605,0.00496758760456228,-0.852103784609621
"BORR_02426",0,-0.0978146070384635,0.037832601224235,0.00771107355031319,0.0180652842540769,-3.43458207467692,-0.0800626615800131,0.151602895919437
"BORR_02427",0,0.187914339792435,0.037832601224235,-1.38340793971915,0.0180652842540769,-3.43458207467692,0.00496758760456228,-0.23440715863823
"BORR_02428",0,-0.0978146070384635,0.037832601224235,0.00771107355031319,-0.136391544057586,-3.43458207467692,0.288768313348371,0.259859837233353
"BORR_02429",0,0.187914339792435,0.0919789645941921,0.00771107355031319,-0.719557128647638,-3.43458207467692,0.277145473520378,-0.23440715863823
"BORR_02430",0,-0.497699848459965,0.037832601224235,0.185207978194692,0.397035991516326,-0.841071363806045,-0.0800626615800131,0.151602895919437
"BORR_02431",0,0.146117211113974,-0.44318444163337,0.185207978194692,0.0180652842540769,-0.841071363806045,-0.0729896135779528,-0.23440715863823
"BORR_02432",0,0.187914339792435,0.037832601224235,0.00771107355031319,0.0180652842540769,-3.43458207467692,0.233660361580639,0.151602895919437
"BORR_02433",0,-0.497699848459965,0.037832601224235,0.00771107355031319,0.0180652842540769,-0.841071363806045,0.233660361580639,0.259859837233353
"BORR_02434",0,-0.0978146070384635,0.037832601224235,0.00771107355031319,0.0180652842540769,-3.43458207467692,-0.0800626615800131,-0.852103784609621
"BORR_02435",0,0.146117211113974,0.037832601224235,0.638875188120734,-0.341800490445478,-3.43458207467692,0.00496758760456228,-0.23440715863823
"BORR_02436",0,-0.497699848459965,0.0919789645941921,-0.130337798744024,-0.0141663669819817,-3.43458207467692,-0.0729896135779528,0.151602895919437
"BORR_02437",0,0.146117211113974,-0.44318444163337,0.185207978194692,0.0180652842540769,-0.841071363806045,-0.300216674045857,-0.23440715863823
"BORR_02438",0,-0.497699848459965,-0.44318444163337,-0.507939202365253,-0.341800490445478,-3.43458207467692,0.288768313348371,0.312929674010676
"BORR_02439",0,-0.497699848459965,0.037832601224235,0.185207978194692,-0.0141663669819817,-0.841071363806045,-0.411547356690187,0.151602895919437
"BORR_02440",0,0.146117211113974,0.037832601224235,0.00771107355031319,0.705083437480601,0.656293273311169,-0.0729896135779528,-0.253221305452448
"BORR_02441",0,0.146117211113974,0.0919789645941921,0.185207978194692,0.0180652842540769,-3.43458207467692,-0.0800626615800131,-0.23440715863823
"BORR_02442",0,-0.0978146070384635,-0.44318444163337,-1.38340793971915,-0.136391544057586,-0.841071363806045,-0.0729896135779528,-0.852103784609621
"BORR_02443",0,0.146117211113974,0.037832601224235,-0.54507874931471,-0.136391544057586,-3.43458207467692,0.00496758760456228,0.151602895919437
"BORR_02444",0,0.146117211113974,0.037832601224235,0.337310430883764,-0.0141663669819817,-0.841071363806045,0.233660361580639,0.151602895919437
"BORR_02445",0,0.146117211113974,0.037832601224235,0.00771107355031319,0.397035991516326,-0.841071363806045,-0.0800626615800131,-0.253221305452448
"BORR_02446",0,-0.497699848459965,-0.44318444163337,0.185207978194692,0.0180652842540769,-3.43458207467692,-0.0800626615800131,0.435750503697017
"BORR_02447",0,0.146117211113974,0.037832601224235,-0.507939202365253,-0.341800490445478,-3.43458207467692,-0.0800626615800131,0.151602895919437
"BORR_02448",0,0.146117211113974,0.037832601224235,-0.54507874931471,0.18935009021854,-3.43458207467692,0.277145473520378,-0.23440715863823
"BORR_02449",0,0.146117211113974,0.037832601224235,0.337310430883764,-0.136391544057586,-3.43458207467692,0.00496758760456228,0.151602895919437
"BORR_02450",0,0.146117211113974,-0.44318444163337,0.00771107355031319,0.397035991516326,-3.43458207467692,0.00496758760456228,-0.852103784609621
"BORR_02451",1,0.146117211113974,0.037832601224235,0.00771107355031319,-0.719557128647638,1.51020054308605,-0.0800626615800131,-0.23440715863823
"BORR_02452",0,0.146117211113974,0.037832601224235,-0.54507874931471,-0.719557128647638,1.51020054308605,-0.0729896135779528,-0.253221305452448
"BORR_02453",0,-0.497699848459965,0.037832601224235,0.00771107355031319,-0.136391544057586,-0.841071363806045,-0.0729896135779528,-0.852103784609621
"BORR_02454",0,-0.0978146070384635,0.037832601224235,-0.507939202365253,-0.341800490445478,-3.43458207467692,-0.0729896135779528,0.151602895919437
"BORR_02455",0,0.187914339792435,0.037832601224235,0.00771107355031319,0.0180652842540769,-3.43458207467692,-0.411547356690187,0.435750503697017
"BORR_02456",0,-0.497699848459965,0.0919789645941921,0.185207978194692,0.0180652842540769,1.51020054308605,-0.0800626615800131,-0.852103784609621
"BORR_02457",0,-0.0978146070384635,-0.44318444163337,0.00771107355031319,-0.0141663669819817,1.51020054308605,-0.0729896135779528,-0.592752218784067
"BORR_02458",0,-0.497699848459965,0.0919789645941921,0.00771107355031319,0.0180652842540769,1.51020054308605,-0.411547356690187,0.312929674010676
"BORR_02459",0,-0.0978146070384635,-0.44318444163337,0.00771107355031319,0.18935009021854,-0.841071363806045,0.00496758760456228,-0.852103784609621
"BORR_02460",0,-0.497699848459965,0.037832601224235,0.185207978194692,-0.341800490445478,-3.43458207467692,0.00496758760456228,0.151602895919437
"BORR_02461",0,-0.497699848459965,0.0919789645941921,0.337310430883764,-0.136391544057586,-3.43458207467692,0.233660361580639,-0.253221305452448
"BORR_02462",0,0.146117211113974,0.037832601224235,-0.130337798744024,-0.0141663669819817,-0.841071363806045,0.233660361580639,0.151602895919437
"BORR_02463",0,0.187914339792435,0.0919789645941921,0.185207978194692,0.0180652842540769,-3.43458207467692,0.00496758760456228,0.151602895919437
"BORR_02464",0,0.146117211113974,0.037832601224235,0.00771107355031319,-0.136391544057586,-3.43458207467692,-0.0729896135779528,-0.852103784609621
"BORR_02465",0,0.187914339792435,0.037832601224235,-0.507939202365253,0.0180652842540769,-0.841071363806045,0.00496758760456228,-0.253221305452448
"BORR_02466",0,0.146117211113974,0.037832601224235,-1.38340793971915,0.0180652842540769,0.656293273311169,-0.300216674045857,0.259859837233353
"BORR_02467",0,-0.497699848459965,0.037832601224235,0.00771107355031319,-0.719557128647638,-3.43458207467692,-0.0729896135779528,0.151602895919437
"BORR_02468",0,-0.497699848459965,0.037832601224235,0.00771107355031319,-0.136391544057586,-3.43458207467692,-0.0729896135779528,0.435750503697017
"BORR_02469",0,-0.497699848459965,0.037832601224235,-0.130337798744024,0.0180652842540769,1.51020054308605,0.00496758760456228,0.435750503697017
"BORR_02470",0,-0.497699848459965,0.0919789645941921,-0.130337798744024,-0.136391544057586,-3.43458207467692,0.233660361580639,0.435750503697017
"BORR_02471",0,-0.0978146070384635,0.037832601224235,0.00771107355031319,0.18935009021854,-3.43458207467692,-0.0800626615800131,0.151602895919437
"BORR_02472",1,0.146117211113974,0.037832601224235,-0.54507874931471,-0.136391544057586,1.51020054308605,-0.411547356690187,-0.23440715863823
"BORR_02473",0,0.187914339792435,0.037832601224235,0.00771107355031319,-0.136391544057586,0.656293273311169,0.00496758760456228,-0.253221305452448
"BORR_02474",0,0.146117211113974,0.037832601224235,0.638875188120734,0.705083437480601,1.51020054308605,0.00496758760456228,0.151602895919437
"BORR_02475",0,0.146117211113974,-0.44318444163337,-0.54507874931471,-0.341800490445478,-3.43458207467692,0.00496758760456228,0.151602895919437
"BORR_02476",0,0.146117211113974,0.037832601224235,0.00771107355031319,-0.0141663669819817,0.656293273311169,0.00496758760456228,-0.253221305452448
"BORR_02477",0,0.146117211113974,0.037832601224235,0.185207978194692,-0.0141663669819817,-3.43458207467692,-0.300216674045857,-0.852103784609621
"BORR_02478",0,-0.497699848459965,0.037832601224235,-0.54507874931471,-0.136391544057586,-3.43458207467692,-0.300216674045857,0.312929674010676
"BORR_02479",0,0.187914339792435,0.037832601224235,0.638875188120734,-0.341800490445478,-3.43458207467692,0.233660361580639,0.151602895919437
"BORR_02480",1,0.146117211113974,0.037832601224235,-0.507939202365253,0.18935009021854,1.51020054308605,0.277145473520378,0.151602895919437
"BORR_02481",0,-0.497699848459965,-0.44318444163337,-0.130337798744024,-0.136391544057586,-0.841071363806045,0.00496758760456228,0.259859837233353
"BORR_02482",0,0.146117211113974,0.037832601224235,-0.507939202365253,-0.719557128647638,1.51020054308605,0.00496758760456228,-0.23440715863823
"BORR_02483",0,0.187914339792435,0.0919789645941921,-0.54507874931471,-0.136391544057586,-3.43458207467692,-0.0800626615800131,0.259859837233353
"BORR_02484",0,0.146117211113974,0.037832601224235,0.185207978194692,0.397035991516326,-3.43458207467692,-0.0729896135779528,-0.23440715863823
"BORR_02485",0,0.146117211113974,0.0919789645941921,0.638875188120734,0.0180652842540769,1.51020054308605,0.00496758760456228,0.151602895919437
"BORR_02486",0,-0.0978146070384635,0.0919789645941921,0.638875188120734,0.0180652842540769,-3.43458207467692,-0.0729896135779528,0.259859837233353
"BORR_02487",0,0.146117211113974,0.037832601224235,0.00771107355031319,0.0180652842540769,-3.43458207467692,0.233660361580639,-0.23440715863823
"BORR_02488",0,-0.497699848459965,0.037832601224235,-0.54507874931471,0.0180652842540769,-0.841071363806045,-0.0729896135779528,-0.592752218784067
"BORR_02489",0,0.146117211113974,0.037832601224235,-0.54507874931471,-0.341800490445478,-3.43458207467692,0.277145473520378,-0.23440715863823
"BORR_02490",0,-0.0978146070384635,0.0919789645941921,-0.130337798744024,-0.341800490445478,-0.841071363806045,-0.0729896135779528,-0.592752218784067
"BORR_02491",1,-0.497699848459965,0.037832601224235,0.185207978194692,-0.719557128647638,0.656293273311169,-0.411547356690187,0.435750503697017
"BORR_02492",0,0.146117211113974,0.037832601224235,0.00771107355031319,0.18935009021854,1.51020054308605,-0.300216674045857,0.151602895919437
"BORR_02493",0,0.187914339792435,0.037832601224235,0.00771107355031319,-0.341800490445478,-0.841071363806045,0.00496758760456228,-0.592752218784067
"BORR_02494",0,0.146117211113974,0.0919789645941921,0.00771107355031319,0.0180652842540769,-0.841071363806045,-0.0729896135779528,0.151602895919437
"BORR_02495",0,-0.497699848459965,0.0919789645941921,-0.54507874931471,-0.0141663669819817,-3.43458207467692,-0.0729896135779528,-0.23440715863823
"BORR_02496",0,0.187914339792435,0.0919789645941921,0.00771107355031319,0.0180652842540769,0.656293273311169,0.00496758760456228,-0.253221305452448
"BORR_02497",0,0.146117211113974,0.037832601224235,0.185207978194692,-0.136391544057586,1.51020054308605,0.233660361580639,0.435750503697017
"BORR_02498",0,-0.0978146070384635,0.037832601224235,-0.130337798744024,0.0180652842540769,-0.841071363806045,-0.0800626615800131,0.151602895919437
"BORR_02499",0,0.146117211113974,0.0919789645941921,0.00771107355031319,0.18935009021854,-3.43458207467692,0.00496758760456228,0.312929674010676
"BORR_02500",0,0.146117211113974,0.037832601224235,0.337310430883764,-0.341800490445478,-3.43458207467692,-0.0800626615800131,0.151602895919437
